time,open,high,low,close,volume,day
10:00:00,103.45,103.53,103.08,103.2,637240,1
10:01:00,103.19,103.29,103.15,103.29,419940,1
10:02:00,103.29,103.49,103.25,103.48,560950,1
10:03:00,103.48,103.54,103.4,103.44,165420,1
10:04:00,103.43,103.45,103.3,103.33,417730,1
10:05:00,103.31,103.38,103.19,103.27,526180,1
10:06:00,103.25,103.45,103.25,103.35,627840,1
10:07:00,103.39,103.4,103.3,103.32,249160,1
10:08:00,103.31,103.31,103.17,103.2,286250,1
10:09:00,103.2,103.2,102.98,103.08,451580,1
10:10:00,103.06,103.2,103.05,103.15,128290,1
10:11:00,103.16,103.19,103.08,103.12,70270,1
10:12:00,103.12,103.15,103.06,103.07,97870,1
10:13:00,103.08,103.15,102.86,102.86,746310,1
10:14:00,102.88,103.06,102.85,103.06,377610,1
10:15:00,103.06,103.14,103.01,103.04,101500,1
10:16:00,103.04,103.05,102.91,102.97,373370,1
10:17:00,102.97,103.27,102.97,103.25,267130,1
10:18:00,103.26,103.31,103.2,103.23,118550,1
10:19:00,103.23,103.34,103.21,103.29,320600,1
10:20:00,103.29,103.37,103.15,103.37,215140,1
10:21:00,103.37,103.48,103.23,103.38,453210,1
10:22:00,103.38,103.45,103.32,103.44,271680,1
10:23:00,103.41,103.46,103.38,103.46,113070,1
10:24:00,103.45,103.74,103.4,103.6,686930,1
10:25:00,103.56,103.74,103.49,103.56,595840,1
10:26:00,103.53,103.58,103.49,103.52,165140,1
10:27:00,103.55,103.57,103.49,103.5,28890,1
10:28:00,103.5,103.54,103.47,103.48,165940,1
10:29:00,103.48,103.5,103.48,103.49,25290,1
10:30:00,103.49,103.54,103.46,103.46,200740,1
10:31:00,103.46,103.48,103.32,103.36,338820,1
10:32:00,103.33,103.49,103.25,103.33,213880,1
10:33:00,103.34,103.39,103.32,103.36,43460,1
10:34:00,103.35,103.38,103.2,103.3,307800,1
10:35:00,103.31,103.4,103.25,103.4,184360,1
10:36:00,103.38,103.51,103.38,103.46,181330,1
10:37:00,103.46,103.47,103.23,103.35,256300,1
10:38:00,103.31,103.39,103.31,103.39,14090,1
10:39:00,103.39,103.48,103.39,103.48,93630,1
10:40:00,103.48,103.57,103.47,103.55,185170,1
10:41:00,103.55,103.57,103.45,103.51,198370,1
10:42:00,103.55,103.57,103.5,103.56,73650,1
10:43:00,103.57,103.7,103.51,103.56,350290,1
10:44:00,103.56,103.68,103.56,103.68,88740,1
10:45:00,103.68,103.89,103.67,103.71,677900,1
10:46:00,103.67,103.71,103.66,103.68,152630,1
10:47:00,103.68,103.74,103.66,103.73,173820,1
10:48:00,103.71,103.88,103.71,103.88,280820,1
10:49:00,103.85,104.04,103.85,103.98,1320200,1
10:50:00,103.96,104.13,103.95,104.08,664350,1
10:51:00,104.06,104.1,104.06,104.08,88310,1
10:52:00,104.08,104.08,104.01,104.07,180230,1
10:53:00,104.05,104.12,104.05,104.1,138270,1
10:54:00,104.08,104.1,103.86,104.02,728660,1
10:55:00,103.98,104.09,103.94,104.09,180880,1
10:56:00,104.09,104.09,103.98,104.02,141720,1
10:57:00,104.03,104.09,104.01,104.07,82770,1
10:58:00,104.01,104.06,104.0,104.05,94410,1
10:59:00,104.03,104.08,103.9,103.95,188510,1
11:00:00,103.98,104.08,103.95,104.05,292330,1
11:01:00,104.05,104.09,103.95,104.02,628900,1
11:02:00,104.03,104.04,103.91,103.94,304100,1
11:03:00,103.92,104.0,103.9,103.93,147140,1
11:04:00,103.96,103.96,103.81,103.85,315950,1
11:05:00,103.85,103.91,103.82,103.84,77680,1
11:06:00,103.82,103.82,103.7,103.75,382260,1
11:07:00,103.75,103.94,103.73,103.94,146470,1
11:08:00,103.93,103.95,103.87,103.95,97480,1
11:09:00,103.91,103.96,103.9,103.96,23970,1
11:10:00,103.95,103.99,103.9,103.99,96180,1
11:11:00,103.97,104.05,103.97,104.05,226600,1
11:12:00,104.05,104.2,103.98,104.19,1171330,1
11:13:00,104.19,104.2,104.04,104.11,272300,1
11:14:00,104.1,104.19,104.08,104.13,233100,1
11:15:00,104.12,104.34,104.11,104.31,880420,1
11:16:00,104.31,104.43,104.3,104.43,1558780,1
11:17:00,104.42,104.45,104.31,104.31,1189070,1
11:18:00,104.31,104.35,104.13,104.19,709800,1
11:19:00,104.19,104.26,104.03,104.03,544740,1
11:20:00,104.03,104.05,103.75,103.75,1335440,1
11:21:00,103.75,103.81,103.64,103.79,726060,1
11:22:00,103.75,103.84,103.75,103.8,182300,1
11:23:00,103.79,103.85,103.76,103.81,211080,1
11:24:00,103.85,103.87,103.75,103.75,225540,1
11:25:00,103.76,103.96,103.76,103.89,253590,1
11:26:00,103.89,103.9,103.8,103.8,177630,1
11:27:00,103.8,103.84,103.75,103.84,320580,1
11:28:00,103.84,103.85,103.77,103.77,86160,1
11:29:00,103.77,103.81,103.72,103.79,354680,1
11:30:00,103.76,103.79,103.71,103.73,167660,1
11:31:00,103.72,103.73,103.56,103.71,923300,1
11:32:00,103.66,103.77,103.65,103.75,118610,1
11:33:00,103.76,103.85,103.75,103.84,171690,1
11:34:00,103.84,104.12,103.79,103.98,1050620,1
11:35:00,104.0,104.09,103.99,104.05,63020,1
11:36:00,104.05,104.05,103.95,104.04,35060,1
11:37:00,104.01,104.14,104.0,104.1,232770,1
11:38:00,104.08,104.11,104.0,104.02,197200,1
11:39:00,104.0,104.07,103.96,104.05,88810,1
11:40:00,104.05,104.09,104.04,104.09,61980,1
11:41:00,104.09,104.09,103.96,104.02,52590,1
11:42:00,103.98,104.0,103.95,104.0,329460,1
11:43:00,104.0,104.09,104.0,104.09,255440,1
11:44:00,104.07,104.08,103.98,104.03,41670,1
11:45:00,104.01,104.09,104.0,104.06,49140,1
11:46:00,104.06,104.09,104.0,104.06,41810,1
11:47:00,104.06,104.06,104.03,104.06,12210,1
11:48:00,104.05,104.09,104.05,104.08,65630,1
11:49:00,104.07,104.08,104.05,104.08,155250,1
11:50:00,104.06,104.1,103.98,104.09,438360,1
11:51:00,104.09,104.28,104.04,104.11,605110,1
11:52:00,104.1,104.16,104.0,104.07,387200,1
11:53:00,104.08,104.17,104.01,104.17,106510,1
11:54:00,104.14,104.19,104.1,104.1,130150,1
11:55:00,104.1,104.19,104.03,104.15,165620,1
11:56:00,104.11,104.14,104.01,104.03,108790,1
11:57:00,104.04,104.06,103.8,103.95,868820,1
11:58:00,103.91,103.91,103.83,103.86,240960,1
11:59:00,103.86,103.9,103.72,103.8,349200,1
12:00:00,103.82,103.88,103.74,103.82,135370,1
12:01:00,103.78,103.87,103.75,103.82,142160,1
12:02:00,103.76,104.15,103.74,104.01,1146990,1
12:03:00,104.01,104.04,103.95,103.97,144790,1
12:04:00,103.97,103.99,103.84,103.88,68210,1
12:05:00,103.91,103.99,103.91,103.97,44390,1
12:06:00,103.99,104.04,103.95,103.99,101670,1
12:07:00,104.0,104.0,103.96,103.99,8660,1
12:08:00,103.97,103.99,103.92,103.94,46330,1
12:09:00,103.94,104.05,103.94,104.05,221280,1
12:10:00,104.03,104.2,104.03,104.2,512910,1
12:11:00,104.2,104.2,104.12,104.16,134920,1
12:12:00,104.16,104.19,104.12,104.13,71460,1
12:13:00,104.13,104.19,104.11,104.13,47130,1
12:14:00,104.13,104.17,103.97,104.05,138150,1
12:15:00,104.08,104.08,103.9,103.94,176950,1
12:16:00,103.91,104.03,103.83,103.91,251020,1
12:17:00,103.86,103.9,103.78,103.86,197700,1
12:18:00,103.81,103.84,103.64,103.65,477660,1
12:19:00,103.66,103.68,103.6,103.65,481970,1
12:20:00,103.64,103.65,103.45,103.53,1362780,1
12:21:00,103.55,103.58,103.36,103.39,757090,1
12:22:00,103.41,103.5,103.31,103.5,562120,1
12:23:00,103.49,103.49,103.24,103.35,865060,1
12:24:00,103.32,103.32,103.24,103.28,233430,1
12:25:00,103.3,103.48,103.24,103.33,342870,1
12:26:00,103.31,103.4,103.3,103.36,240180,1
12:27:00,103.35,103.35,103.3,103.35,144220,1
12:28:00,103.33,103.33,102.97,103.09,2281150,1
12:29:00,103.06,103.18,103.01,103.01,326380,1
12:30:00,103.02,103.03,102.8,102.81,1320110,1
12:31:00,102.8,102.93,102.8,102.86,464030,1
12:32:00,102.84,102.97,102.8,102.97,509300,1
12:33:00,102.97,103.1,102.95,102.98,588340,1
12:34:00,103.0,103.07,102.91,103.05,130740,1
12:35:00,103.05,103.23,103.05,103.22,503280,1
12:36:00,103.2,103.28,103.17,103.28,388400,1
12:37:00,103.27,103.29,103.2,103.29,178770,1
12:38:00,103.27,103.33,103.27,103.31,140750,1
12:39:00,103.29,103.29,103.1,103.12,727700,1
12:40:00,103.1,103.27,103.1,103.16,259400,1
12:41:00,103.16,103.25,103.11,103.25,84600,1
12:42:00,103.25,103.3,103.1,103.26,767720,1
12:43:00,103.22,103.28,103.04,103.23,338360,1
12:44:00,103.23,103.28,103.14,103.28,90350,1
12:45:00,103.26,103.28,103.15,103.25,140030,1
12:46:00,103.25,103.28,103.15,103.23,55930,1
12:47:00,103.23,103.27,103.14,103.18,95430,1
12:48:00,103.14,103.2,103.05,103.13,454820,1
12:49:00,103.15,103.22,103.08,103.18,100460,1
12:50:00,103.2,103.2,103.1,103.11,163620,1
12:51:00,103.1,103.15,103.05,103.15,278330,1
12:52:00,103.13,103.19,103.05,103.08,262050,1
12:53:00,103.06,103.09,103.01,103.09,308590,1
12:54:00,103.05,103.15,103.05,103.12,395940,1
12:55:00,103.07,103.13,103.0,103.0,315800,1
12:56:00,103.0,103.0,102.8,102.95,712900,1
12:57:00,102.97,103.03,102.95,103.03,159970,1
12:58:00,103.0,103.02,102.87,102.99,378490,1
12:59:00,102.99,103.0,102.93,102.95,209380,1
13:00:00,102.95,103.02,102.86,102.97,369830,1
13:01:00,102.94,103.09,102.94,103.03,587870,1
13:02:00,103.04,103.04,102.93,102.96,271830,1
13:03:00,102.96,103.03,102.96,102.99,33850,1
13:04:00,102.99,103.07,102.85,102.94,433250,1
13:05:00,102.94,103.13,102.93,103.02,253840,1
13:06:00,103.03,103.06,103.0,103.06,59110,1
13:07:00,103.03,103.2,103.01,103.1,474350,1
13:08:00,103.15,103.17,103.09,103.17,54810,1
13:09:00,103.15,103.17,103.09,103.15,83280,1
13:10:00,103.15,103.18,103.09,103.17,45400,1
13:11:00,103.17,103.2,103.07,103.16,126990,1
13:12:00,103.12,103.24,103.1,103.24,213200,1
13:13:00,103.19,103.24,103.15,103.22,76070,1
13:14:00,103.24,103.37,103.22,103.34,517940,1
13:15:00,103.33,103.34,103.3,103.32,422010,1
13:16:00,103.3,103.4,103.3,103.36,208920,1
13:17:00,103.36,103.4,103.31,103.36,101720,1
13:18:00,103.35,103.37,103.3,103.3,44590,1
13:19:00,103.33,103.38,103.3,103.33,81140,1
13:20:00,103.33,103.36,103.3,103.35,75040,1
13:21:00,103.31,103.45,103.31,103.41,357540,1
13:22:00,103.43,103.45,103.39,103.43,69480,1
13:23:00,103.44,103.59,103.4,103.55,474090,1
13:24:00,103.55,103.56,103.44,103.46,256880,1
13:25:00,103.45,103.46,103.34,103.37,86130,1
13:26:00,103.36,103.36,103.3,103.34,74560,1
13:27:00,103.31,103.35,103.3,103.34,138070,1
13:28:00,103.34,103.36,103.31,103.34,115280,1
13:29:00,103.33,103.43,103.32,103.42,163900,1
13:30:00,103.43,103.43,103.32,103.36,67230,1
13:31:00,103.32,103.4,103.3,103.4,56890,1
13:32:00,103.37,103.39,103.14,103.22,418140,1
13:33:00,103.18,103.28,103.18,103.28,66900,1
13:34:00,103.29,103.32,103.21,103.29,72310,1
13:35:00,103.24,103.25,103.17,103.24,99480,1
13:36:00,103.21,103.37,103.21,103.37,111270,1
13:37:00,103.37,103.59,103.36,103.58,1293900,1
13:38:00,103.58,103.68,103.53,103.61,574270,1
13:39:00,103.6,103.69,103.56,103.62,498480,1
13:40:00,103.59,103.62,103.5,103.5,379630,1
13:41:00,103.5,103.6,103.49,103.55,471440,1
13:42:00,103.55,103.69,103.55,103.69,258740,1
13:43:00,103.66,103.68,103.56,103.64,59910,1
13:44:00,103.64,103.66,103.57,103.64,76110,1
13:45:00,103.62,103.7,103.6,103.68,43150,1
13:46:00,103.65,103.65,103.5,103.62,97650,1
13:47:00,103.61,103.66,103.5,103.66,83300,1
13:48:00,103.62,103.62,103.5,103.57,97130,1
13:49:00,103.55,103.58,103.5,103.58,84500,1
13:50:00,103.56,103.58,103.5,103.58,176330,1
13:51:00,103.58,103.68,103.45,103.63,658930,1
13:52:00,103.62,103.68,103.58,103.68,125950,1
13:53:00,103.66,103.75,103.66,103.74,219600,1
13:54:00,103.72,103.74,103.6,103.66,171860,1
13:55:00,103.61,103.69,103.57,103.65,106890,1
13:56:00,103.66,103.68,103.64,103.68,35870,1
13:57:00,103.68,103.73,103.61,103.61,227820,1
13:58:00,103.63,103.7,103.61,103.63,125870,1
13:59:00,103.63,103.69,103.6,103.65,221630,1
14:00:00,103.61,103.65,103.59,103.6,34200,1
14:01:00,103.59,103.62,103.45,103.62,1416990,1
14:02:00,103.62,103.62,103.57,103.57,22030,1
14:03:00,103.6,103.6,103.56,103.58,45010,1
14:04:00,103.59,103.64,103.58,103.64,133380,1
14:05:00,103.64,103.64,103.51,103.58,252100,1
14:06:00,103.53,103.57,103.48,103.51,470470,1
14:07:00,103.55,103.56,103.5,103.52,96890,1
14:08:00,103.55,103.55,103.51,103.52,53010,1
14:09:00,103.52,103.56,103.52,103.56,8290,1
14:10:00,103.56,103.56,103.47,103.56,280560,1
14:11:00,103.53,103.65,103.53,103.64,148340,1
14:12:00,103.64,103.65,103.56,103.64,77210,1
14:13:00,103.62,103.64,103.54,103.62,54700,1
14:14:00,103.61,103.62,103.6,103.6,39710,1
14:15:00,103.62,103.63,103.59,103.61,31680,1
14:16:00,103.59,103.73,103.55,103.71,193210,1
14:17:00,103.71,103.75,103.63,103.7,620090,1
14:18:00,103.7,103.8,103.69,103.77,353240,1
14:19:00,103.79,103.79,103.69,103.73,87910,1
14:20:00,103.71,103.74,103.7,103.72,30110,1
14:21:00,103.74,103.78,103.6,103.63,204610,1
14:22:00,103.62,103.64,103.55,103.57,110220,1
14:23:00,103.59,103.63,103.56,103.62,116590,1
14:24:00,103.61,103.62,103.58,103.61,23460,1
14:25:00,103.59,103.61,103.55,103.61,83120,1
14:26:00,103.58,103.62,103.57,103.61,87370,1
14:27:00,103.61,103.64,103.58,103.64,193410,1
14:28:00,103.61,103.63,103.6,103.62,26890,1
14:29:00,103.62,103.64,103.6,103.64,84710,1
14:30:00,103.63,103.64,103.54,103.55,167220,1
14:31:00,103.55,103.6,103.54,103.59,102920,1
14:32:00,103.58,103.64,103.57,103.64,130490,1
14:33:00,103.64,103.64,103.6,103.63,39290,1
14:34:00,103.63,103.64,103.57,103.6,131160,1
14:35:00,103.59,103.6,103.46,103.51,1259570,1
14:36:00,103.51,103.54,103.47,103.53,733040,1
14:37:00,103.53,103.58,103.5,103.54,202610,1
14:38:00,103.53,103.59,103.5,103.53,373410,1
14:39:00,103.52,103.55,103.5,103.53,255580,1
14:40:00,103.51,103.54,103.49,103.51,460520,1
14:41:00,103.5,103.55,103.5,103.55,154900,1
14:42:00,103.55,103.61,103.51,103.59,461400,1
14:43:00,103.59,103.66,103.58,103.64,108690,1
14:44:00,103.63,103.64,103.57,103.63,15730,1
14:45:00,103.63,103.69,103.59,103.66,185090,1
14:46:00,103.64,103.86,103.64,103.8,1057850,1
14:47:00,103.8,103.84,103.75,103.78,200480,1
14:48:00,103.76,103.86,103.76,103.86,350370,1
14:49:00,103.86,104.05,103.8,104.05,1252300,1
14:50:00,104.05,104.1,103.93,103.97,581110,1
14:51:00,103.96,104.0,103.84,103.92,222220,1
14:52:00,103.89,103.92,103.85,103.9,33590,1
14:53:00,103.9,103.92,103.85,103.9,45670,1
14:54:00,103.87,104.05,103.86,104.03,591020,1
14:55:00,104.0,104.2,104.0,104.16,1363620,1
14:56:00,104.16,104.26,104.1,104.16,1003930,1
14:57:00,104.16,104.29,104.16,104.2,404330,1
14:58:00,104.17,104.25,104.11,104.11,243270,1
14:59:00,104.16,104.18,104.06,104.11,180960,1
15:00:00,104.13,104.23,104.13,104.23,135900,1
15:01:00,104.21,104.3,104.19,104.3,728260,1
15:02:00,104.3,104.9,104.29,104.81,4396220,1
15:03:00,104.82,104.86,104.57,104.62,1508900,1
15:04:00,104.62,104.7,104.58,104.69,290930,1
15:05:00,104.69,104.72,104.59,104.61,692460,1
15:06:00,104.61,104.63,104.55,104.6,610640,1
15:07:00,104.57,104.6,104.55,104.59,90670,1
15:08:00,104.58,104.68,104.55,104.68,368010,1
15:09:00,104.67,104.73,104.67,104.7,562010,1
15:10:00,104.68,104.88,104.68,104.88,801940,1
15:11:00,104.88,104.89,104.68,104.7,476130,1
15:12:00,104.7,104.73,104.62,104.67,357980,1
15:13:00,104.67,104.68,104.6,104.63,275720,1
15:14:00,104.62,104.66,104.6,104.6,299840,1
15:15:00,104.62,104.68,104.58,104.66,264270,1
15:16:00,104.64,104.67,104.62,104.65,142480,1
15:17:00,104.63,104.8,104.62,104.7,584710,1
15:18:00,104.71,104.79,104.68,104.77,168210,1
15:19:00,104.76,104.79,104.7,104.74,167420,1
15:20:00,104.73,104.82,104.72,104.82,310260,1
15:21:00,104.81,104.82,104.68,104.72,211320,1
15:22:00,104.7,104.72,104.65,104.7,107330,1
15:23:00,104.7,104.7,104.65,104.7,91670,1
15:24:00,104.66,104.74,104.56,104.62,445370,1
15:25:00,104.58,104.64,104.57,104.64,45690,1
15:26:00,104.62,104.64,104.55,104.6,177840,1
15:27:00,104.6,104.65,104.55,104.56,219200,1
15:28:00,104.56,104.65,104.55,104.59,189050,1
15:29:00,104.56,104.6,104.55,104.58,88900,1
15:30:00,104.6,104.7,104.55,104.61,203600,1
15:31:00,104.58,104.65,104.55,104.63,503100,1
15:32:00,104.59,104.7,104.58,104.67,121250,1
15:33:00,104.67,104.69,104.62,104.67,51140,1
15:34:00,104.63,104.65,104.41,104.41,690180,1
15:35:00,104.42,104.49,104.41,104.45,328460,1
15:36:00,104.45,104.52,104.42,104.45,357100,1
15:37:00,104.42,104.47,104.4,104.4,109030,1
15:38:00,104.4,104.48,104.34,104.48,278760,1
15:39:00,104.46,104.6,104.45,104.52,244920,1
15:40:00,104.48,104.65,104.48,104.62,147870,1
15:41:00,104.62,104.8,104.62,104.7,447740,1
15:42:00,104.69,104.78,104.67,104.73,91840,1
15:43:00,104.73,104.77,104.65,104.69,56900,1
15:44:00,104.67,104.69,104.64,104.67,30030,1
15:45:00,104.65,104.73,104.59,104.65,185320,1
15:46:00,104.65,104.66,104.6,104.64,67920,1
15:47:00,104.6,104.68,104.55,104.64,181410,1
15:48:00,104.64,104.66,104.58,104.62,47310,1
15:49:00,104.59,104.64,104.52,104.57,67670,1
15:50:00,104.53,104.55,104.41,104.48,91560,1
15:51:00,104.44,104.49,104.43,104.48,47360,1
15:52:00,104.46,104.5,104.44,104.5,24430,1
15:53:00,104.49,104.65,104.46,104.64,320100,1
15:54:00,104.64,104.64,104.55,104.62,28630,1
15:55:00,104.62,104.62,104.59,104.62,2470,1
15:56:00,104.6,104.61,104.5,104.57,244290,1
15:57:00,104.54,104.54,104.4,104.47,122470,1
15:58:00,104.44,104.48,104.42,104.48,17390,1
15:59:00,104.48,104.57,104.46,104.55,69490,1
16:00:00,104.55,104.6,104.51,104.55,182900,1
16:01:00,104.51,104.57,104.38,104.43,399310,1
16:02:00,104.39,104.72,104.38,104.69,680180,1
16:03:00,104.67,104.68,104.57,104.62,82640,1
16:04:00,104.62,104.64,104.59,104.64,56840,1
16:05:00,104.62,104.64,104.52,104.57,123420,1
16:06:00,104.57,104.57,104.5,104.51,440920,1
16:07:00,104.5,104.6,104.5,104.58,76470,1
16:08:00,104.56,104.57,104.52,104.57,9620,1
16:09:00,104.55,104.58,104.55,104.58,15350,1
16:10:00,104.58,104.64,104.52,104.64,81820,1
16:11:00,104.61,104.69,104.61,104.68,86990,1
16:12:00,104.65,104.69,104.62,104.66,49710,1
16:13:00,104.66,104.68,104.56,104.68,67920,1
16:14:00,104.65,104.68,104.61,104.67,26700,1
16:15:00,104.67,104.77,104.66,104.7,457270,1
16:16:00,104.66,104.69,104.62,104.67,34640,1
16:17:00,104.67,104.68,104.64,104.67,7390,1
16:18:00,104.65,104.68,104.59,104.67,20660,1
16:19:00,104.67,104.72,104.61,104.66,92840,1
16:20:00,104.64,104.67,104.62,104.66,6650,1
16:21:00,104.66,104.67,104.62,104.66,24800,1
16:22:00,104.63,104.66,104.63,104.66,1130,1
16:23:00,104.64,104.67,104.53,104.63,90650,1
16:24:00,104.6,104.64,104.58,104.64,10340,1
16:25:00,104.64,104.67,104.61,104.66,68130,1
16:26:00,104.62,104.72,104.62,104.7,85310,1
16:27:00,104.65,104.71,104.61,104.66,11750,1
16:28:00,104.69,104.69,104.53,104.55,50280,1
16:29:00,104.53,104.65,104.53,104.61,310970,1
16:30:00,104.57,104.61,104.53,104.57,352550,1
16:31:00,104.57,104.57,104.53,104.54,65030,1
16:32:00,104.53,104.57,104.53,104.57,129640,1
16:33:00,104.53,104.57,104.53,104.55,99400,1
16:34:00,104.55,104.55,104.53,104.53,164830,1
16:35:00,104.53,104.54,104.5,104.54,347510,1
16:36:00,104.51,104.51,104.42,104.49,116750,1
16:37:00,104.48,104.49,104.4,104.43,116410,1
16:38:00,104.4,104.4,104.25,104.36,626620,1
16:39:00,104.33,104.35,104.21,104.22,243540,1
16:40:00,104.21,104.24,104.2,104.22,433000,1
16:41:00,104.22,104.36,104.21,104.3,178560,1
16:42:00,104.3,104.35,104.27,104.31,51470,1
16:43:00,104.31,104.37,104.31,104.33,104170,1
16:44:00,104.33,104.35,104.22,104.35,279370,1
16:45:00,104.32,104.37,104.27,104.37,83040,1
16:46:00,104.35,104.39,104.25,104.27,96110,1
16:47:00,104.27,104.27,103.95,104.04,1077430,1
16:48:00,104.0,104.11,103.94,104.0,381550,1
16:49:00,104.0,104.07,103.96,104.04,348820,1
16:50:00,104.02,104.05,104.0,104.02,577150,1
16:51:00,104.02,104.03,104.0,104.01,489580,1
16:52:00,104.0,104.08,103.77,103.78,980260,1
16:53:00,103.81,103.81,103.66,103.66,1247160,1
16:54:00,103.66,103.66,103.56,103.65,1328520,1
16:55:00,103.65,103.74,103.55,103.7,624040,1
16:56:00,103.7,103.84,103.63,103.79,318370,1
16:57:00,103.76,103.76,103.61,103.7,377590,1
16:58:00,103.69,103.7,103.63,103.68,121730,1
16:59:00,103.68,103.7,103.61,103.7,374110,1
17:00:00,103.65,103.77,103.65,103.77,213290,1
17:01:00,103.75,103.87,103.75,103.87,184790,1
17:02:00,103.84,103.88,103.77,103.79,304780,1
17:03:00,103.78,103.78,103.67,103.69,238170,1
17:04:00,103.66,103.87,103.64,103.87,185570,1
17:05:00,103.85,103.87,103.7,103.83,132150,1
17:06:00,103.83,103.89,103.8,103.88,35550,1
17:07:00,103.88,103.88,103.75,103.85,88650,1
17:08:00,103.85,103.88,103.81,103.87,62520,1
17:09:00,103.87,103.88,103.7,103.79,300210,1
17:10:00,103.78,103.78,103.67,103.73,146350,1
17:11:00,103.7,103.76,103.69,103.76,34040,1
17:12:00,103.72,103.76,103.7,103.76,233880,1
17:13:00,103.75,103.77,103.67,103.74,253910,1
17:14:00,103.74,103.77,103.71,103.77,27790,1
17:15:00,103.78,103.78,103.74,103.76,19210,1
17:16:00,103.76,103.78,103.73,103.75,77090,1
17:17:00,103.75,103.87,103.74,103.83,241320,1
17:18:00,103.83,103.86,103.71,103.74,294470,1
17:19:00,103.74,103.8,103.71,103.75,176150,1
17:20:00,103.75,103.75,103.67,103.72,243130,1
17:21:00,103.71,103.74,103.65,103.68,231830,1
17:22:00,103.68,103.77,103.68,103.77,274020,1
17:23:00,103.77,103.82,103.76,103.8,60230,1
17:24:00,103.8,103.97,103.77,103.9,452190,1
17:25:00,103.87,103.9,103.82,103.9,105490,1
17:26:00,103.87,103.88,103.79,103.82,69300,1
17:27:00,103.79,103.86,103.79,103.86,16940,1
17:28:00,103.83,103.88,103.78,103.81,161580,1
17:29:00,103.8,103.8,103.73,103.74,62360,1
17:30:00,103.74,103.79,103.66,103.7,274490,1
17:31:00,103.69,103.77,103.67,103.75,145310,1
17:32:00,103.76,103.78,103.72,103.74,52540,1
17:33:00,103.72,103.73,103.6,103.69,355840,1
17:34:00,103.67,103.78,103.65,103.77,65500,1
17:35:00,103.77,103.78,103.5,103.59,1025420,1
17:36:00,103.58,103.6,103.5,103.5,768080,1
17:37:00,103.5,103.67,103.5,103.67,210100,1
17:38:00,103.66,103.66,103.53,103.6,183090,1
17:39:00,103.59,103.63,103.54,103.58,89170,1
17:40:00,103.57,103.58,103.31,103.53,2913820,1
17:41:00,103.54,103.66,103.54,103.59,239740,1
17:42:00,103.59,103.62,103.54,103.58,638720,1
17:43:00,103.58,103.6,103.55,103.57,162670,1
17:44:00,103.55,103.61,103.52,103.58,291470,1
17:45:00,103.54,103.57,103.52,103.57,85860,1
17:46:00,103.56,103.56,103.5,103.55,545510,1
17:47:00,103.55,103.56,103.52,103.56,103500,1
17:48:00,103.56,103.59,103.3,103.4,947170,1
17:49:00,103.35,103.56,103.29,103.53,1121520,1
17:50:00,103.51,103.57,103.44,103.55,799300,1
17:51:00,103.52,103.54,103.49,103.54,532010,1
17:52:00,103.54,103.65,103.52,103.64,212130,1
17:53:00,103.64,103.64,103.58,103.6,71250,1
17:54:00,103.6,103.73,103.59,103.61,457170,1
17:55:00,103.59,103.65,103.57,103.62,140690,1
17:56:00,103.62,103.65,103.58,103.63,185390,1
17:57:00,103.58,103.63,103.51,103.55,377900,1
17:58:00,103.52,103.57,103.44,103.52,1723180,1
17:59:00,103.5,103.56,103.47,103.55,162460,1
18:00:00,103.54,103.54,103.46,103.51,969690,1
18:01:00,103.5,103.52,103.46,103.5,659780,1
18:02:00,103.5,103.66,103.5,103.55,407700,1
18:03:00,103.52,103.6,103.52,103.56,75480,1
18:04:00,103.53,103.57,103.49,103.53,347370,1
18:05:00,103.51,103.56,103.44,103.51,845400,1
18:06:00,103.5,103.6,103.47,103.59,498060,1
18:07:00,103.57,103.59,103.44,103.52,625120,1
18:08:00,103.52,103.55,103.45,103.51,697310,1
18:09:00,103.5,103.5,103.1,103.26,1982740,1
18:10:00,103.25,103.26,103.14,103.18,285030,1
18:11:00,103.16,103.25,103.13,103.24,218950,1
18:12:00,103.25,103.26,103.1,103.17,850790,1
18:13:00,103.17,103.18,103.1,103.18,491280,1
18:14:00,103.18,103.19,102.94,103.15,4351870,1
18:15:00,103.12,103.16,103.06,103.13,216820,1
18:16:00,103.13,103.18,103.09,103.13,252330,1
18:17:00,103.16,103.16,103.09,103.09,184350,1
18:18:00,103.12,103.12,103.02,103.02,437540,1
18:19:00,103.02,103.09,103.01,103.03,97560,1
18:20:00,103.02,103.08,102.98,103.05,571940,1
18:21:00,103.03,103.08,103.0,103.01,388470,1
18:22:00,103.01,103.05,102.99,103.03,511640,1
18:23:00,103.02,103.06,103.01,103.03,494850,1
18:24:00,103.03,103.08,102.96,103.05,666230,1
18:25:00,103.07,103.11,103.02,103.05,525120,1
18:26:00,103.05,103.07,102.95,103.01,1596950,1
18:27:00,103.0,103.02,102.97,103.01,954420,1
18:28:00,103.03,103.05,103.0,103.0,50270,1
18:29:00,103.04,103.04,102.97,103.04,2671410,1
18:30:00,103.02,103.1,103.0,103.1,126940,1
18:31:00,103.1,103.13,103.03,103.05,177150,1
18:32:00,103.05,103.1,102.98,103.09,1041810,1
18:33:00,103.08,103.14,103.07,103.14,94230,1
18:34:00,103.13,103.15,103.01,103.06,298850,1
18:35:00,103.05,103.1,103.03,103.06,525510,1
18:36:00,103.07,103.18,103.05,103.1,253370,1
18:37:00,103.11,103.24,103.1,103.13,1318600,1
18:38:00,103.14,103.23,103.05,103.06,1819960,1
10:00:00,102.81,102.95,102.65,102.94,785040,2
10:01:00,102.94,103.08,102.9,103.02,740590,2
10:02:00,103.01,103.06,102.92,102.96,297990,2
10:03:00,102.97,103.05,102.92,103.03,311000,2
10:04:00,103.02,103.02,102.81,102.81,374240,2
10:05:00,102.82,102.85,102.72,102.75,340700,2
10:06:00,102.75,102.78,102.5,102.53,1048420,2
10:07:00,102.53,102.53,102.06,102.13,1772190,2
10:08:00,102.16,102.22,102.05,102.1,1203550,2
10:09:00,102.1,102.14,102.05,102.1,400850,2
10:10:00,102.1,102.1,101.92,101.99,1134210,2
10:11:00,102.02,102.26,102.0,102.19,585710,2
10:12:00,102.17,102.17,102.06,102.15,502790,2
10:13:00,102.15,102.25,102.1,102.25,1167070,2
10:14:00,102.26,102.34,102.23,102.3,537930,2
10:15:00,102.3,102.37,102.26,102.37,155590,2
10:16:00,102.35,102.37,102.3,102.31,348360,2
10:17:00,102.32,102.36,102.27,102.28,392840,2
10:18:00,102.3,102.31,102.23,102.23,331490,2
10:19:00,102.23,102.39,102.2,102.35,111610,2
10:20:00,102.38,102.49,102.36,102.47,251020,2
10:21:00,102.46,102.5,102.4,102.43,339330,2
10:22:00,102.44,102.49,102.41,102.49,124470,2
10:23:00,102.46,102.48,102.42,102.42,66540,2
10:24:00,102.42,102.7,102.4,102.63,673730,2
10:25:00,102.64,102.69,102.55,102.58,424310,2
10:26:00,102.58,102.6,102.53,102.57,104740,2
10:27:00,102.57,102.6,102.55,102.57,103900,2
10:28:00,102.57,102.6,102.5,102.56,368790,2
10:29:00,102.51,102.6,102.51,102.6,65730,2
10:30:00,102.56,102.56,102.37,102.37,340800,2
10:31:00,102.37,102.39,102.24,102.38,215000,2
10:32:00,102.39,102.39,102.15,102.15,395770,2
10:33:00,102.15,102.34,102.12,102.31,263120,2
10:34:00,102.31,102.35,102.28,102.32,79810,2
10:35:00,102.32,102.32,102.22,102.28,36560,2
10:36:00,102.3,102.33,102.24,102.27,37520,2
10:37:00,102.29,102.3,102.25,102.3,111850,2
10:38:00,102.31,102.33,102.3,102.3,13050,2
10:39:00,102.32,102.32,102.16,102.21,285470,2
10:40:00,102.23,102.25,102.21,102.21,25200,2
10:41:00,102.24,102.24,102.05,102.13,540160,2
10:42:00,102.07,102.17,102.03,102.14,404830,2
10:43:00,102.11,102.17,102.08,102.1,77780,2
10:44:00,102.1,102.1,101.93,101.99,1096470,2
10:45:00,101.98,102.12,101.8,101.88,1995090,2
10:46:00,101.88,101.95,101.87,101.87,233720,2
10:47:00,101.88,101.88,101.74,101.83,527160,2
10:48:00,101.83,102.06,101.78,101.85,839400,2
10:49:00,101.86,102.0,101.81,101.97,128800,2
10:50:00,101.97,102.03,101.9,101.95,246470,2
10:51:00,101.95,102.01,101.95,102.01,42390,2
10:52:00,102.01,102.03,101.84,101.84,218950,2
10:53:00,101.83,101.94,101.77,101.83,429420,2
10:54:00,101.83,101.84,101.77,101.82,286640,2
10:55:00,101.83,101.87,101.8,101.83,246540,2
10:56:00,101.82,101.83,101.7,101.74,1152760,2
10:57:00,101.75,101.76,101.6,101.63,662770,2
10:58:00,101.64,101.69,101.5,101.54,1311620,2
10:59:00,101.53,101.63,101.44,101.5,1680210,2
11:00:00,101.5,101.65,101.13,101.29,2948440,2
11:01:00,101.31,101.4,101.22,101.32,1184340,2
11:02:00,101.32,101.49,101.32,101.49,562300,2
11:03:00,101.49,101.6,101.48,101.6,568820,2
11:04:00,101.6,101.74,101.59,101.59,586140,2
11:05:00,101.59,101.67,101.55,101.67,235360,2
11:06:00,101.67,101.82,101.67,101.76,519530,2
11:07:00,101.74,101.76,101.54,101.54,461770,2
11:08:00,101.58,101.6,101.56,101.58,194230,2
11:09:00,101.58,101.59,101.42,101.47,556510,2
11:10:00,101.48,101.6,101.47,101.59,125460,2
11:11:00,101.59,101.6,101.38,101.38,1115310,2
11:12:00,101.38,101.38,100.88,101.15,4828930,2
11:13:00,101.13,101.17,101.09,101.16,527290,2
11:14:00,101.12,101.16,100.72,100.8,3007310,2
11:15:00,100.83,101.0,100.7,100.96,1913390,2
11:16:00,100.96,101.06,100.93,100.93,766230,2
11:17:00,100.96,101.0,100.9,100.9,251930,2
11:18:00,100.91,100.94,100.75,100.89,694640,2
11:19:00,100.84,100.92,100.79,100.82,647840,2
11:20:00,100.82,101.13,100.8,100.96,1927270,2
11:21:00,100.98,101.12,100.96,101.08,758650,2
11:22:00,101.08,101.16,101.06,101.11,681940,2
11:23:00,101.1,101.14,100.97,101.07,1244070,2
11:24:00,101.09,101.14,101.04,101.08,390470,2
11:25:00,101.08,101.12,101.02,101.1,835330,2
11:26:00,101.1,101.12,101.06,101.1,153710,2
11:27:00,101.12,101.18,101.1,101.17,876090,2
11:28:00,101.17,101.17,101.1,101.15,453870,2
11:29:00,101.15,101.17,101.07,101.12,893130,2
11:30:00,101.12,101.12,101.05,101.07,405200,2
11:31:00,101.06,101.1,101.06,101.08,530940,2
11:32:00,101.1,101.12,101.03,101.03,477370,2
11:33:00,101.03,101.07,101.01,101.04,556600,2
11:34:00,101.02,101.1,100.98,101.09,1424370,2
11:35:00,101.1,101.22,101.09,101.21,659880,2
11:36:00,101.22,101.34,101.21,101.25,758770,2
11:37:00,101.25,101.31,101.25,101.28,39770,2
11:38:00,101.27,101.28,101.22,101.27,96160,2
11:39:00,101.27,101.35,101.22,101.33,315070,2
11:40:00,101.33,101.34,101.25,101.31,198620,2
11:41:00,101.31,101.31,101.27,101.3,93740,2
11:42:00,101.27,101.3,101.1,101.13,525940,2
11:43:00,101.12,101.19,101.05,101.09,119970,2
11:44:00,101.1,101.15,101.06,101.06,178470,2
11:45:00,101.05,101.14,100.9,101.13,2586640,2
11:46:00,101.15,101.17,101.01,101.03,633790,2
11:47:00,101.02,101.1,100.98,101.09,1237290,2
11:48:00,101.09,101.14,101.05,101.09,150710,2
11:49:00,101.09,101.12,101.07,101.07,112190,2
11:50:00,101.07,101.1,101.05,101.05,117870,2
11:51:00,101.05,101.1,101.05,101.09,166890,2
11:52:00,101.09,101.13,101.08,101.11,353210,2
11:53:00,101.08,101.09,101.06,101.09,231380,2
11:54:00,101.1,101.13,101.07,101.08,244550,2
11:55:00,101.06,101.13,101.05,101.11,300850,2
11:56:00,101.11,101.11,101.0,101.0,676250,2
11:57:00,101.0,101.04,100.97,101.03,720620,2
11:58:00,101.03,101.04,101.01,101.03,64030,2
11:59:00,101.05,101.06,101.0,101.01,238110,2
12:00:00,101.03,101.06,101.0,101.03,416290,2
12:01:00,101.03,101.08,101.01,101.08,128850,2
12:02:00,101.07,101.08,100.99,101.04,316950,2
12:03:00,101.04,101.08,101.01,101.02,106190,2
12:04:00,101.02,101.05,101.02,101.05,39980,2
12:05:00,101.05,101.09,101.02,101.09,104670,2
12:06:00,101.09,101.16,101.09,101.13,365870,2
12:07:00,101.13,101.13,101.05,101.09,66870,2
12:08:00,101.09,101.14,101.06,101.11,55910,2
12:09:00,101.12,101.15,101.1,101.14,69950,2
12:10:00,101.13,101.16,101.09,101.12,120250,2
12:11:00,101.12,101.14,101.02,101.05,608710,2
12:12:00,101.06,101.08,101.01,101.07,442200,2
12:13:00,101.07,101.09,101.06,101.09,5280,2
12:14:00,101.09,101.1,101.04,101.06,57330,2
12:15:00,101.06,101.07,101.0,101.0,316110,2
12:16:00,101.0,101.05,100.71,101.04,2807800,2
12:17:00,101.04,101.1,100.94,101.02,990480,2
12:18:00,101.01,101.09,101.0,101.09,143950,2
12:19:00,101.09,101.11,101.05,101.09,200410,2
12:20:00,101.09,101.12,101.05,101.08,204070,2
12:21:00,101.06,101.1,101.04,101.1,130590,2
12:22:00,101.09,101.1,100.97,101.09,822310,2
12:23:00,101.08,101.09,101.02,101.06,332750,2
12:24:00,101.07,101.12,101.03,101.09,296350,2
12:25:00,101.09,101.11,100.97,101.03,652710,2
12:26:00,101.05,101.09,101.03,101.09,89810,2
12:27:00,101.09,101.25,101.08,101.22,539790,2
12:28:00,101.21,101.25,101.13,101.18,162270,2
12:29:00,101.18,101.24,101.18,101.23,60790,2
12:30:00,101.22,101.31,101.2,101.3,404600,2
12:31:00,101.29,101.33,101.2,101.25,433970,2
12:32:00,101.25,101.4,101.24,101.33,460710,2
12:33:00,101.34,101.49,101.34,101.45,703580,2
12:34:00,101.44,101.57,101.4,101.5,983340,2
12:35:00,101.5,101.51,101.41,101.43,348390,2
12:36:00,101.43,101.44,101.3,101.36,518360,2
12:37:00,101.36,101.43,101.21,101.43,541250,2
12:38:00,101.43,101.57,101.36,101.44,1247710,2
12:39:00,101.48,101.59,101.45,101.57,594760,2
12:40:00,101.55,101.6,101.52,101.55,784170,2
12:41:00,101.56,101.6,101.51,101.56,490750,2
12:42:00,101.58,101.58,101.46,101.5,389300,2
12:43:00,101.49,101.55,101.47,101.5,146660,2
12:44:00,101.49,101.57,101.49,101.5,281900,2
12:45:00,101.51,101.55,101.5,101.55,50690,2
12:46:00,101.55,101.65,101.54,101.65,198940,2
12:47:00,101.64,101.76,101.61,101.63,831950,2
12:48:00,101.65,101.65,101.5,101.56,287150,2
12:49:00,101.53,101.54,101.39,101.48,801860,2
12:50:00,101.48,101.52,101.45,101.5,146980,2
12:51:00,101.52,101.52,101.42,101.45,205830,2
12:52:00,101.44,101.47,101.41,101.43,52220,2
12:53:00,101.43,101.47,101.42,101.45,53140,2
12:54:00,101.45,101.58,101.43,101.58,367350,2
12:55:00,101.58,101.7,101.57,101.6,146560,2
12:56:00,101.6,101.6,101.5,101.54,30980,2
12:57:00,101.54,101.59,101.46,101.59,101250,2
12:58:00,101.59,101.6,101.5,101.55,47550,2
12:59:00,101.54,101.57,101.5,101.52,18700,2
13:00:00,101.52,101.54,101.33,101.33,482280,2
13:01:00,101.32,101.34,101.21,101.26,267220,2
13:02:00,101.27,101.39,101.26,101.35,126000,2
13:03:00,101.35,101.42,101.28,101.28,137590,2
13:04:00,101.3,101.47,101.3,101.47,63450,2
13:05:00,101.47,101.47,101.31,101.31,111730,2
13:06:00,101.32,101.4,101.24,101.31,95370,2
13:07:00,101.33,101.33,101.3,101.3,2590,2
13:08:00,101.31,101.31,101.3,101.3,16810,2
13:09:00,101.36,101.48,101.36,101.48,18530,2
13:10:00,101.45,101.47,101.33,101.41,308890,2
13:11:00,101.37,101.4,101.34,101.34,73340,2
13:12:00,101.38,101.47,101.3,101.34,323870,2
13:13:00,101.35,101.46,101.35,101.45,96910,2
13:14:00,101.45,101.47,101.42,101.45,43830,2
13:15:00,101.47,101.53,101.41,101.45,263290,2
13:16:00,101.47,101.51,101.38,101.5,315520,2
13:17:00,101.51,101.53,101.42,101.45,248740,2
13:18:00,101.43,101.43,101.37,101.4,32920,2
13:19:00,101.38,101.4,101.33,101.33,75620,2
13:20:00,101.33,101.35,101.21,101.26,331950,2
13:21:00,101.27,101.3,101.26,101.27,280820,2
13:22:00,101.27,101.29,101.24,101.28,22170,2
13:23:00,101.29,101.34,101.15,101.2,470170,2
13:24:00,101.21,101.21,101.17,101.17,76600,2
13:25:00,101.17,101.17,101.05,101.14,421930,2
13:26:00,101.14,101.15,101.05,101.14,150750,2
13:27:00,101.13,101.2,101.11,101.2,244890,2
13:28:00,101.2,101.26,101.13,101.18,162020,2
13:29:00,101.16,101.2,101.14,101.18,46870,2
13:30:00,101.17,101.22,101.07,101.11,254100,2
13:31:00,101.1,101.16,101.07,101.14,220490,2
13:32:00,101.11,101.17,101.1,101.1,64390,2
13:33:00,101.11,101.18,101.09,101.18,125030,2
13:34:00,101.14,101.15,101.07,101.1,540380,2
13:35:00,101.1,101.1,100.9,101.07,2191620,2
13:36:00,101.05,101.09,101.02,101.07,62770,2
13:37:00,101.06,101.1,101.06,101.1,79500,2
13:38:00,101.1,101.17,101.1,101.12,148700,2
13:39:00,101.1,101.12,101.05,101.05,47600,2
13:40:00,101.05,101.09,100.97,101.0,464960,2
13:41:00,101.04,101.07,101.02,101.02,24420,2
13:42:00,101.02,101.07,100.93,101.05,369790,2
13:43:00,101.05,101.06,101.01,101.03,26030,2
13:44:00,101.05,101.15,101.04,101.1,163600,2
13:45:00,101.14,101.31,101.1,101.25,326340,2
13:46:00,101.25,101.26,101.17,101.22,48390,2
13:47:00,101.22,101.3,101.2,101.28,132500,2
13:48:00,101.28,101.36,101.28,101.33,110790,2
13:49:00,101.32,101.35,101.28,101.29,154820,2
13:50:00,101.33,101.42,101.3,101.3,226450,2
13:51:00,101.3,101.3,101.16,101.22,119280,2
13:52:00,101.22,101.26,101.18,101.2,72480,2
13:53:00,101.22,101.29,101.2,101.2,83910,2
13:54:00,101.2,101.23,101.06,101.12,159200,2
13:55:00,101.12,101.15,101.11,101.12,30170,2
13:56:00,101.12,101.2,101.09,101.1,236870,2
13:57:00,101.1,101.13,101.03,101.06,596150,2
13:58:00,101.09,101.2,101.06,101.17,167140,2
13:59:00,101.14,101.14,101.1,101.13,44210,2
14:00:00,101.11,101.14,101.1,101.11,58310,2
14:01:00,101.1,101.11,101.1,101.11,28180,2
14:02:00,101.11,101.15,101.1,101.11,30490,2
14:03:00,101.14,101.15,101.1,101.14,21580,2
14:04:00,101.14,101.15,101.11,101.14,72960,2
14:05:00,101.16,101.19,101.11,101.19,191770,2
14:06:00,101.19,101.24,101.15,101.22,567580,2
14:07:00,101.23,101.23,101.13,101.15,309110,2
14:08:00,101.17,101.2,101.14,101.18,43130,2
14:09:00,101.18,101.19,101.15,101.18,39020,2
14:10:00,101.16,101.16,101.05,101.06,275720,2
14:11:00,101.09,101.2,101.06,101.2,438590,2
14:12:00,101.19,101.24,101.13,101.24,116930,2
14:13:00,101.23,101.28,101.2,101.23,155020,2
14:14:00,101.24,101.29,101.23,101.28,62700,2
14:15:00,101.28,101.29,101.17,101.17,299600,2
14:16:00,101.16,101.21,101.14,101.2,141170,2
14:17:00,101.21,101.22,101.16,101.17,23110,2
14:18:00,101.18,101.2,101.17,101.2,20430,2
14:19:00,101.19,101.2,101.17,101.2,5130,2
14:20:00,101.18,101.21,101.17,101.2,78150,2
14:21:00,101.21,101.21,101.16,101.17,34900,2
14:22:00,101.18,101.18,101.14,101.16,84450,2
14:23:00,101.15,101.16,101.03,101.13,255560,2
14:24:00,101.13,101.13,101.04,101.05,23670,2
14:25:00,101.07,101.07,101.03,101.06,163970,2
14:26:00,101.05,101.09,101.04,101.07,44580,2
14:27:00,101.06,101.08,101.06,101.06,50460,2
14:28:00,101.07,101.1,101.02,101.02,305840,2
14:29:00,101.03,101.04,101.0,101.0,301930,2
14:30:00,101.03,101.06,101.0,101.05,30720,2
14:31:00,101.03,101.09,100.95,101.02,1299580,2
14:32:00,101.05,101.1,101.02,101.09,62680,2
14:33:00,101.11,101.24,101.1,101.19,293260,2
14:34:00,101.19,101.2,101.14,101.15,53290,2
14:35:00,101.12,101.19,101.1,101.19,93350,2
14:36:00,101.19,101.23,101.19,101.19,61120,2
14:37:00,101.19,101.2,101.16,101.19,15070,2
14:38:00,101.19,101.27,101.17,101.24,82250,2
14:39:00,101.25,101.25,101.16,101.19,63330,2
14:40:00,101.16,101.23,101.13,101.18,24070,2
14:41:00,101.18,101.22,101.12,101.2,78010,2
14:42:00,101.18,101.2,101.05,101.11,98970,2
14:43:00,101.13,101.13,101.1,101.12,50390,2
14:44:00,101.14,101.16,101.11,101.16,43660,2
14:45:00,101.16,101.18,101.14,101.17,8290,2
14:46:00,101.17,101.25,101.17,101.21,57900,2
14:47:00,101.2,101.2,101.05,101.1,129390,2
14:48:00,101.1,101.19,101.1,101.17,146400,2
14:49:00,101.17,101.17,101.12,101.13,20720,2
14:50:00,101.14,101.2,101.14,101.15,35500,2
14:51:00,101.18,101.19,101.1,101.1,98650,2
14:52:00,101.12,101.15,101.07,101.08,75560,2
14:53:00,101.14,101.15,101.11,101.15,28500,2
14:54:00,101.14,101.18,101.14,101.16,39680,2
14:55:00,101.16,101.18,101.14,101.18,13070,2
14:56:00,101.19,101.2,101.13,101.15,33830,2
14:57:00,101.17,101.19,101.07,101.11,62620,2
14:58:00,101.13,101.13,101.1,101.11,17450,2
14:59:00,101.12,101.12,101.07,101.08,101160,2
15:00:00,101.1,101.1,101.06,101.06,130220,2
15:01:00,101.08,101.09,101.01,101.01,357810,2
15:02:00,101.03,101.06,101.01,101.03,83110,2
15:03:00,101.03,101.08,101.0,101.03,212110,2
15:04:00,101.04,101.06,101.01,101.03,92690,2
15:05:00,101.05,101.07,101.02,101.05,126390,2
15:06:00,101.05,101.14,101.05,101.09,108860,2
15:07:00,101.08,101.12,101.03,101.09,19430,2
15:08:00,101.08,101.1,101.08,101.08,14150,2
15:09:00,101.09,101.09,101.07,101.07,910,2
15:10:00,101.08,101.08,101.04,101.06,85740,2
15:11:00,101.04,101.05,101.01,101.01,202210,2
15:12:00,101.01,101.05,101.0,101.0,184230,2
15:13:00,101.0,101.06,100.99,101.01,563080,2
15:14:00,101.0,101.09,100.99,101.08,450040,2
15:15:00,101.08,101.08,101.0,101.0,106300,2
15:16:00,101.0,101.09,100.92,101.03,1059780,2
15:17:00,101.02,101.08,100.57,100.6,8451590,2
15:18:00,100.59,100.71,100.32,100.64,2958460,2
15:19:00,100.6,100.67,100.58,100.64,160280,2
15:20:00,100.63,100.69,100.58,100.69,244230,2
15:21:00,100.68,100.7,100.63,100.68,196590,2
15:22:00,100.68,100.7,100.51,100.56,547080,2
15:23:00,100.52,100.54,100.25,100.33,1939450,2
15:24:00,100.31,100.32,100.17,100.19,1505160,2
15:25:00,100.23,100.26,100.07,100.07,1947170,2
15:26:00,100.09,100.17,100.06,100.12,1737880,2
15:27:00,100.12,100.19,100.0,100.17,3057940,2
15:28:00,100.17,100.24,100.14,100.2,363440,2
15:29:00,100.2,100.22,100.15,100.19,176840,2
15:30:00,100.19,100.36,100.16,100.29,713680,2
15:31:00,100.31,100.36,100.25,100.28,311860,2
15:32:00,100.26,100.32,100.23,100.31,242220,2
15:33:00,100.28,100.3,100.23,100.23,97380,2
15:34:00,100.25,100.31,100.23,100.28,44490,2
15:35:00,100.28,100.28,100.04,100.07,1186160,2
15:36:00,100.08,100.1,100.0,100.01,2081480,2
15:37:00,100.02,100.08,100.0,100.02,721920,2
15:38:00,100.02,100.17,100.01,100.11,1237800,2
15:39:00,100.08,100.12,100.02,100.08,545450,2
15:40:00,100.07,100.22,100.05,100.16,493300,2
15:41:00,100.16,100.22,100.08,100.1,970520,2
15:42:00,100.1,100.17,100.07,100.11,421960,2
15:43:00,100.11,100.19,100.08,100.15,624260,2
15:44:00,100.18,100.24,100.12,100.21,977250,2
15:45:00,100.2,100.24,100.2,100.21,260660,2
15:46:00,100.21,100.27,100.2,100.27,170010,2
15:47:00,100.25,100.29,100.2,100.27,154650,2
15:48:00,100.27,100.34,100.25,100.31,398120,2
15:49:00,100.31,100.35,100.3,100.31,275860,2
15:50:00,100.34,100.34,100.2,100.21,875900,2
15:51:00,100.21,100.29,100.2,100.25,160660,2
15:52:00,100.25,100.4,100.24,100.4,395440,2
15:53:00,100.4,100.46,100.31,100.33,280470,2
15:54:00,100.34,100.34,100.2,100.2,116660,2
15:55:00,100.21,100.25,100.14,100.23,393160,2
15:56:00,100.2,100.26,100.2,100.2,230790,2
15:57:00,100.24,100.26,100.2,100.2,46940,2
15:58:00,100.24,100.25,100.21,100.21,19810,2
15:59:00,100.23,100.25,100.2,100.23,187220,2
16:00:00,100.21,100.23,100.0,100.05,3017420,2
16:01:00,100.05,100.17,100.04,100.06,436530,2
16:02:00,100.05,100.15,99.9,100.08,2216640,2
16:03:00,100.08,100.1,100.03,100.04,559460,2
16:04:00,100.04,100.1,100.03,100.07,389980,2
16:05:00,100.09,100.09,100.03,100.04,428470,2
16:06:00,100.04,100.09,100.03,100.08,195890,2
16:07:00,100.07,100.11,100.05,100.11,371550,2
16:08:00,100.11,100.17,100.11,100.13,135850,2
16:09:00,100.13,100.15,100.12,100.12,32330,2
16:10:00,100.13,100.17,100.11,100.14,106280,2
16:11:00,100.14,100.15,100.04,100.09,198750,2
16:12:00,100.09,100.1,100.04,100.06,74100,2
16:13:00,100.06,100.09,100.01,100.05,513110,2
16:14:00,100.02,100.07,100.02,100.05,215560,2
16:15:00,100.02,100.02,99.7,99.85,4254960,2
16:16:00,99.85,99.89,99.81,99.87,435330,2
16:17:00,99.85,100.03,99.85,99.98,1035220,2
16:18:00,99.98,100.05,99.9,99.92,576730,2
16:19:00,99.92,99.92,99.77,99.82,797590,2
16:20:00,99.8,99.87,99.74,99.84,1306960,2
16:21:00,99.84,99.89,99.76,99.85,830260,2
16:22:00,99.84,99.86,99.76,99.81,444210,2
16:23:00,99.82,99.87,99.8,99.85,146300,2
16:24:00,99.85,99.88,99.8,99.8,213400,2
16:25:00,99.8,99.89,99.75,99.84,723300,2
16:26:00,99.84,99.91,99.83,99.83,123140,2
16:27:00,99.85,99.86,99.8,99.84,772480,2
16:28:00,99.83,99.9,99.82,99.9,181810,2
16:29:00,99.85,99.89,99.82,99.89,92240,2
16:30:00,99.88,99.88,99.81,99.84,69790,2
16:31:00,99.85,99.85,99.81,99.81,715730,2
16:32:00,99.81,99.82,99.67,99.73,1094170,2
16:33:00,99.73,99.74,99.61,99.62,734810,2
16:34:00,99.66,99.73,99.62,99.65,354880,2
16:35:00,99.65,99.73,99.64,99.71,440040,2
16:36:00,99.71,99.75,99.69,99.71,147100,2
16:37:00,99.71,99.73,99.65,99.68,616540,2
16:38:00,99.67,99.79,99.67,99.73,277850,2
16:39:00,99.75,99.8,99.71,99.74,109560,2
16:40:00,99.75,99.8,99.73,99.76,237500,2
16:41:00,99.8,99.86,99.75,99.8,281480,2
16:42:00,99.78,99.81,99.74,99.75,393430,2
16:43:00,99.75,99.78,99.67,99.69,181970,2
16:44:00,99.68,99.73,99.27,99.32,2946330,2
16:45:00,99.32,99.4,99.21,99.22,1024990,2
16:46:00,99.25,99.28,99.08,99.22,3255650,2
16:47:00,99.26,99.26,99.2,99.22,329350,2
16:48:00,99.22,99.25,99.1,99.1,433480,2
16:49:00,99.12,99.25,99.1,99.21,1212270,2
16:50:00,99.2,99.25,99.14,99.23,326780,2
16:51:00,99.25,99.39,99.2,99.25,500490,2
16:52:00,99.24,99.26,99.16,99.25,675140,2
16:53:00,99.25,99.29,99.19,99.24,146430,2
16:54:00,99.23,99.24,99.15,99.23,389000,2
16:55:00,99.22,99.23,99.18,99.19,272750,2
16:56:00,99.21,99.24,99.05,99.05,2189970,2
16:57:00,99.05,99.05,98.83,98.85,4302560,2
16:58:00,98.85,98.88,98.65,98.77,2535810,2
16:59:00,98.77,98.8,98.61,98.65,884450,2
17:00:00,98.65,98.74,98.55,98.65,3172470,2
17:01:00,98.65,98.68,98.56,98.63,1221250,2
17:02:00,98.63,98.63,98.23,98.28,2340480,2
17:03:00,98.27,98.62,98.22,98.56,1285220,2
17:04:00,98.56,98.87,98.52,98.83,1875690,2
17:05:00,98.8,98.97,98.59,98.97,1637330,2
17:06:00,98.95,99.07,98.81,98.93,1341490,2
17:07:00,98.9,99.0,98.87,98.99,471790,2
17:08:00,98.99,99.07,98.97,99.04,888810,2
17:09:00,99.0,99.05,98.72,98.94,1007310,2
17:10:00,98.94,99.03,98.85,98.86,2089150,2
17:11:00,98.88,99.07,98.77,98.88,4003460,2
17:12:00,98.88,98.9,98.77,98.81,1993970,2
17:13:00,98.81,98.84,98.67,98.74,1463130,2
17:14:00,98.75,98.77,98.52,98.6,1315010,2
17:15:00,98.6,98.63,98.35,98.45,2162010,2
17:16:00,98.46,98.58,98.34,98.51,1268070,2
17:17:00,98.49,98.51,98.45,98.47,618900,2
17:18:00,98.48,98.6,98.46,98.59,567700,2
17:19:00,98.59,98.64,98.53,98.61,336460,2
17:20:00,98.61,98.63,98.5,98.59,353400,2
17:21:00,98.59,98.65,98.51,98.54,216510,2
17:22:00,98.51,98.57,98.47,98.53,988350,2
17:23:00,98.52,98.59,98.47,98.55,67040,2
17:24:00,98.53,98.55,98.47,98.52,268130,2
17:25:00,98.5,98.57,98.47,98.47,351350,2
17:26:00,98.5,98.61,98.46,98.56,384000,2
17:27:00,98.58,98.6,98.5,98.52,232520,2
17:28:00,98.52,98.54,98.34,98.38,1328580,2
17:29:00,98.4,98.43,98.28,98.29,1650560,2
17:30:00,98.28,98.35,98.0,98.19,4079600,2
17:31:00,98.14,98.24,98.11,98.23,269960,2
17:32:00,98.22,98.27,98.12,98.12,509110,2
17:33:00,98.12,98.27,97.86,98.15,2195810,2
17:34:00,98.13,98.15,97.86,97.9,616190,2
17:35:00,97.89,98.04,97.8,97.97,898760,2
17:36:00,97.98,97.99,97.71,97.73,1430420,2
17:37:00,97.73,97.83,97.69,97.78,1358930,2
17:38:00,97.78,97.86,97.77,97.83,531210,2
17:39:00,97.82,97.86,97.77,97.82,1016880,2
17:40:00,97.8,97.84,97.77,97.8,382110,2
17:41:00,97.81,97.83,97.66,97.7,1609080,2
17:42:00,97.68,97.7,97.43,97.5,2441820,2
17:43:00,97.5,97.53,97.45,97.49,731650,2
17:44:00,97.48,97.64,97.31,97.38,2100100,2
17:45:00,97.38,97.59,97.21,97.43,2798050,2
17:46:00,97.42,97.58,97.35,97.52,1569900,2
17:47:00,97.55,97.63,97.41,97.51,1358250,2
17:48:00,97.51,97.56,97.35,97.55,1165850,2
17:49:00,97.55,97.69,97.4,97.45,1817090,2
17:50:00,97.43,97.53,97.41,97.53,565150,2
17:51:00,97.53,97.62,97.48,97.52,1252430,2
17:52:00,97.52,97.6,97.47,97.59,398270,2
17:53:00,97.59,97.6,97.53,97.55,332910,2
17:54:00,97.53,97.6,97.5,97.57,295640,2
17:55:00,97.59,97.64,97.52,97.58,550070,2
17:56:00,97.59,97.79,97.54,97.66,1056950,2
17:57:00,97.65,97.65,97.1,97.15,5749850,2
17:58:00,97.15,97.29,97.1,97.22,1979420,2
17:59:00,97.22,97.31,97.08,97.12,844350,2
18:00:00,97.12,97.23,97.05,97.1,4402300,2
18:01:00,97.12,97.32,97.08,97.3,1477760,2
18:02:00,97.3,97.39,97.23,97.39,605420,2
18:03:00,97.39,97.4,97.31,97.34,266050,2
18:04:00,97.37,97.49,97.34,97.49,155650,2
18:05:00,97.49,97.59,97.47,97.47,622410,2
18:06:00,97.47,97.48,97.4,97.46,135120,2
18:07:00,97.48,97.5,97.39,97.41,297320,2
18:08:00,97.41,97.44,97.37,97.44,68840,2
18:09:00,97.44,97.47,97.39,97.44,170610,2
18:10:00,97.46,97.5,97.4,97.49,225990,2
18:11:00,97.47,97.49,97.41,97.47,278390,2
18:12:00,97.44,97.47,97.41,97.41,184370,2
18:13:00,97.42,97.42,97.41,97.42,209800,2
18:14:00,97.41,97.45,97.41,97.43,112030,2
18:15:00,97.43,97.55,97.41,97.55,820990,2
18:16:00,97.55,97.58,97.5,97.56,480850,2
18:17:00,97.52,97.56,97.5,97.53,282160,2
18:18:00,97.53,97.62,97.5,97.58,365950,2
18:19:00,97.57,97.69,97.54,97.64,541090,2
18:20:00,97.64,97.69,97.57,97.65,619730,2
18:21:00,97.63,97.69,97.61,97.62,703540,2
18:22:00,97.65,97.69,97.61,97.65,387990,2
18:23:00,97.65,97.65,97.54,97.55,429900,2
18:24:00,97.55,97.6,97.53,97.55,327490,2
18:25:00,97.55,97.56,97.33,97.4,1422880,2
18:26:00,97.41,97.43,97.2,97.29,617700,2
18:27:00,97.27,97.33,97.2,97.23,1044660,2
18:28:00,97.22,97.24,96.95,97.0,4773000,2
18:29:00,96.96,97.25,96.96,97.21,1040580,2
18:30:00,97.21,97.39,97.21,97.39,252280,2
18:31:00,97.39,97.39,97.25,97.29,375870,2
18:32:00,97.26,97.35,97.15,97.35,1042750,2
18:33:00,97.31,97.37,97.21,97.25,324880,2
18:34:00,97.23,97.25,97.18,97.19,643260,2
18:35:00,97.2,97.29,97.1,97.29,537240,2
18:36:00,97.26,97.3,97.19,97.3,641450,2
18:37:00,97.28,97.32,97.2,97.25,574590,2
18:38:00,97.25,97.27,97.18,97.19,592040,2
10:00:00,97.48,97.93,97.3,97.82,1296620,3
10:01:00,97.79,97.87,97.58,97.65,870250,3
10:02:00,97.65,97.76,97.63,97.71,545500,3
10:03:00,97.7,97.85,97.66,97.85,767680,3
10:04:00,97.85,97.89,97.74,97.78,456350,3
10:05:00,97.8,97.85,97.78,97.83,375360,3
10:06:00,97.83,97.84,97.66,97.7,572290,3
10:07:00,97.7,97.73,97.54,97.7,1124180,3
10:08:00,97.66,97.7,97.64,97.66,221590,3
10:09:00,97.64,97.7,97.61,97.69,260110,3
10:10:00,97.68,97.7,97.56,97.62,806650,3
10:11:00,97.64,97.68,97.59,97.59,369490,3
10:12:00,97.6,97.7,97.56,97.63,752070,3
10:13:00,97.65,97.65,97.44,97.45,1424790,3
10:14:00,97.45,97.5,97.4,97.46,538430,3
10:15:00,97.46,97.6,97.46,97.48,527690,3
10:16:00,97.48,97.54,97.3,97.33,449230,3
10:17:00,97.3,97.35,97.24,97.26,541380,3
10:18:00,97.27,97.47,97.26,97.45,245930,3
10:19:00,97.47,97.47,97.35,97.4,384980,3
10:20:00,97.4,97.47,97.37,97.43,403580,3
10:21:00,97.43,97.6,97.43,97.58,319300,3
10:22:00,97.58,97.63,97.56,97.62,185500,3
10:23:00,97.61,97.7,97.5,97.55,250390,3
10:24:00,97.53,97.62,97.53,97.57,58730,3
10:25:00,97.57,97.78,97.57,97.67,584550,3
10:26:00,97.7,97.73,97.59,97.73,169290,3
10:27:00,97.73,97.85,97.73,97.81,456860,3
10:28:00,97.8,98.28,97.8,98.1,1906320,3
10:29:00,98.12,98.31,98.09,98.31,675730,3
10:30:00,98.3,98.37,98.13,98.3,1649080,3
10:31:00,98.26,98.26,98.08,98.11,457520,3
10:32:00,98.11,98.25,98.03,98.25,296990,3
10:33:00,98.25,98.33,98.19,98.3,693100,3
10:34:00,98.3,98.3,98.11,98.21,288960,3
10:35:00,98.22,98.3,98.18,98.29,350720,3
10:36:00,98.3,98.3,98.26,98.26,43980,3
10:37:00,98.26,98.3,98.03,98.03,465150,3
10:38:00,98.05,98.13,98.01,98.04,151090,3
10:39:00,98.07,98.19,98.07,98.15,59600,3
10:40:00,98.12,98.2,98.11,98.12,367470,3
10:41:00,98.1,98.17,98.1,98.16,105600,3
10:42:00,98.14,98.24,98.14,98.23,319020,3
10:43:00,98.23,98.35,98.22,98.25,454510,3
10:44:00,98.25,98.3,98.22,98.25,261300,3
10:45:00,98.25,98.45,98.25,98.43,1797990,3
10:46:00,98.44,98.45,98.36,98.4,1446700,3
10:47:00,98.41,98.43,98.33,98.38,846290,3
10:48:00,98.38,98.43,98.34,98.4,868690,3
10:49:00,98.4,98.65,98.38,98.45,1946100,3
10:50:00,98.45,98.63,98.4,98.6,1030930,3
10:51:00,98.57,98.68,98.55,98.55,810960,3
10:52:00,98.58,98.65,98.57,98.57,218760,3
10:53:00,98.57,98.66,98.55,98.6,374420,3
10:54:00,98.63,98.76,98.63,98.7,992440,3
10:55:00,98.7,98.82,98.68,98.73,1167160,3
10:56:00,98.77,98.79,98.65,98.72,795730,3
10:57:00,98.7,98.71,98.52,98.6,1218820,3
10:58:00,98.63,98.63,98.52,98.59,577620,3
10:59:00,98.61,98.77,98.59,98.74,927020,3
11:00:00,98.72,98.8,98.52,98.73,1321250,3
11:01:00,98.75,98.84,98.6,98.75,1354410,3
11:02:00,98.79,99.0,98.77,99.0,2460620,3
11:03:00,98.97,99.0,98.86,99.0,1039150,3
11:04:00,98.99,99.14,98.96,99.03,1569140,3
11:05:00,99.01,99.25,99.0,99.06,2399180,3
11:06:00,99.08,99.15,98.92,99.0,1238310,3
11:07:00,98.99,99.01,98.91,99.0,543200,3
11:08:00,98.97,99.05,98.93,99.05,539290,3
11:09:00,99.03,99.03,98.97,99.02,56020,3
11:10:00,99.02,99.05,98.95,98.99,240910,3
11:11:00,98.98,99.2,98.95,99.13,1566760,3
11:12:00,99.1,99.24,99.06,99.11,1162930,3
11:13:00,99.14,99.17,99.08,99.14,407910,3
11:14:00,99.14,99.15,99.05,99.05,460710,3
11:15:00,99.05,99.17,99.0,99.0,515810,3
11:16:00,99.0,99.13,98.9,99.01,930290,3
11:17:00,99.01,99.04,98.9,99.02,679870,3
11:18:00,99.01,99.19,99.0,99.0,789070,3
11:19:00,99.0,99.1,98.95,99.08,548480,3
11:20:00,99.08,99.1,98.98,99.04,610090,3
11:21:00,99.04,99.06,99.02,99.04,272820,3
11:22:00,99.04,99.17,99.04,99.13,686490,3
11:23:00,99.12,99.19,99.08,99.18,294370,3
11:24:00,99.18,99.2,99.11,99.19,360120,3
11:25:00,99.19,99.19,99.11,99.11,593230,3
11:26:00,99.11,99.14,99.02,99.03,373100,3
11:27:00,99.02,99.03,98.82,98.89,1677790,3
11:28:00,98.89,98.94,98.71,98.85,1636940,3
11:29:00,98.88,99.0,98.75,98.99,1089010,3
11:30:00,98.96,99.0,98.89,98.95,505230,3
11:31:00,98.94,99.0,98.91,98.91,210910,3
11:32:00,98.91,98.93,98.81,98.89,332910,3
11:33:00,98.85,98.9,98.82,98.83,171370,3
11:34:00,98.83,98.85,98.64,98.72,1264310,3
11:35:00,98.71,98.78,98.65,98.66,444410,3
11:36:00,98.66,98.69,98.62,98.63,303620,3
11:37:00,98.63,98.75,98.62,98.72,380240,3
11:38:00,98.7,98.85,98.68,98.83,232530,3
11:39:00,98.82,98.85,98.75,98.78,197720,3
11:40:00,98.79,98.8,98.69,98.73,151030,3
11:41:00,98.69,98.71,98.64,98.69,77390,3
11:42:00,98.7,98.72,98.69,98.69,52650,3
11:43:00,98.69,98.72,98.65,98.66,92820,3
11:44:00,98.66,98.71,98.55,98.55,299410,3
11:45:00,98.55,98.6,98.55,98.55,374280,3
11:46:00,98.56,98.69,98.56,98.68,322640,3
11:47:00,98.68,98.68,98.62,98.67,110330,3
11:48:00,98.67,98.69,98.64,98.66,131880,3
11:49:00,98.63,98.68,98.56,98.68,303080,3
11:50:00,98.68,98.92,98.67,98.88,501880,3
11:51:00,98.86,98.86,98.66,98.72,241440,3
11:52:00,98.74,98.75,98.68,98.73,101160,3
11:53:00,98.71,98.77,98.67,98.71,282480,3
11:54:00,98.71,98.8,98.71,98.76,28920,3
11:55:00,98.76,98.8,98.75,98.75,87640,3
11:56:00,98.75,98.77,98.64,98.7,205620,3
11:57:00,98.69,98.92,98.66,98.92,846370,3
11:58:00,98.92,98.95,98.89,98.9,462660,3
11:59:00,98.91,98.93,98.9,98.92,105170,3
12:00:00,98.92,98.95,98.71,98.71,1122150,3
12:01:00,98.71,98.79,98.7,98.73,118900,3
12:02:00,98.73,98.87,98.72,98.83,132570,3
12:03:00,98.83,98.85,98.8,98.8,33590,3
12:04:00,98.8,98.8,98.74,98.74,45750,3
12:05:00,98.74,98.8,98.64,98.7,643000,3
12:06:00,98.7,98.71,98.55,98.56,1365340,3
12:07:00,98.57,98.63,98.55,98.6,177540,3
12:08:00,98.6,98.64,98.55,98.56,381730,3
12:09:00,98.56,98.69,98.56,98.67,168170,3
12:10:00,98.68,98.7,98.65,98.65,323430,3
12:11:00,98.66,98.67,98.59,98.6,212010,3
12:12:00,98.61,98.75,98.6,98.74,266970,3
12:13:00,98.72,98.75,98.6,98.61,133510,3
12:14:00,98.65,98.65,98.6,98.61,24170,3
12:15:00,98.63,98.68,98.6,98.68,106180,3
12:16:00,98.68,98.71,98.65,98.71,346330,3
12:17:00,98.71,98.74,98.7,98.74,316720,3
12:18:00,98.74,98.78,98.71,98.74,71820,3
12:19:00,98.75,98.78,98.7,98.72,326510,3
12:20:00,98.71,98.76,98.6,98.6,72560,3
12:21:00,98.62,98.65,98.6,98.63,44660,3
12:22:00,98.63,98.64,98.58,98.63,185110,3
12:23:00,98.6,98.63,98.6,98.63,58490,3
12:24:00,98.63,98.71,98.61,98.61,158490,3
12:25:00,98.61,98.64,98.61,98.61,30200,3
12:26:00,98.61,98.66,98.58,98.61,168030,3
12:27:00,98.61,98.7,98.6,98.67,196730,3
12:28:00,98.67,98.88,98.65,98.84,636960,3
12:29:00,98.8,98.87,98.71,98.78,154470,3
12:30:00,98.78,98.82,98.78,98.78,20050,3
12:31:00,98.8,98.82,98.69,98.75,276880,3
12:32:00,98.74,98.74,98.65,98.67,56150,3
12:33:00,98.67,98.73,98.65,98.73,92770,3
12:34:00,98.73,98.79,98.65,98.69,207900,3
12:35:00,98.69,98.73,98.65,98.71,332210,3
12:36:00,98.72,98.72,98.61,98.68,158970,3
12:37:00,98.69,98.69,98.65,98.68,18290,3
12:38:00,98.66,98.66,98.21,98.24,2108700,3
12:39:00,98.25,98.39,98.24,98.35,387230,3
12:40:00,98.34,98.45,98.33,98.45,377030,3
12:41:00,98.45,98.45,98.25,98.32,396070,3
12:42:00,98.32,98.32,98.16,98.19,288090,3
12:43:00,98.16,98.2,98.05,98.19,564530,3
12:44:00,98.19,98.28,98.15,98.28,328370,3
12:45:00,98.27,98.35,98.23,98.34,388850,3
12:46:00,98.34,98.36,98.27,98.29,107150,3
12:47:00,98.29,98.33,98.25,98.28,68990,3
12:48:00,98.28,98.34,98.24,98.34,432580,3
12:49:00,98.31,98.35,98.28,98.32,128440,3
12:50:00,98.3,98.32,98.28,98.31,263200,3
12:51:00,98.32,98.32,98.14,98.14,266800,3
12:52:00,98.18,98.3,98.1,98.26,414520,3
12:53:00,98.27,98.28,98.22,98.28,49060,3
12:54:00,98.28,98.4,98.27,98.39,528380,3
12:55:00,98.39,98.41,98.37,98.38,110590,3
12:56:00,98.39,98.47,98.39,98.47,369960,3
12:57:00,98.47,98.5,98.41,98.46,134840,3
12:58:00,98.44,98.46,98.42,98.44,47940,3
12:59:00,98.44,98.44,98.3,98.37,184270,3
13:00:00,98.38,98.44,98.35,98.44,176430,3
13:01:00,98.44,98.77,98.44,98.63,848740,3
13:02:00,98.63,98.78,98.61,98.69,130200,3
13:03:00,98.66,98.72,98.66,98.67,61410,3
13:04:00,98.66,98.66,98.52,98.57,67940,3
13:05:00,98.58,98.7,98.57,98.68,137300,3
13:06:00,98.69,98.7,98.64,98.7,40030,3
13:07:00,98.69,99.0,98.69,98.94,1301240,3
13:08:00,98.94,99.0,98.92,98.94,1003710,3
13:09:00,98.94,98.99,98.84,98.89,377950,3
13:10:00,98.89,98.99,98.84,98.99,291830,3
13:11:00,98.99,99.2,98.98,99.16,1667060,3
13:12:00,99.13,99.18,99.1,99.1,101720,3
13:13:00,99.12,99.13,99.01,99.1,597310,3
13:14:00,99.1,99.63,99.1,99.38,4269710,3
13:15:00,99.4,99.45,99.36,99.37,438500,3
13:16:00,99.36,99.4,99.3,99.39,394300,3
13:17:00,99.36,99.4,99.25,99.27,206830,3
13:18:00,99.27,99.35,99.21,99.31,575390,3
13:19:00,99.31,99.33,99.13,99.13,652790,3
13:20:00,99.13,99.2,99.11,99.19,233990,3
13:21:00,99.17,99.35,99.15,99.25,345230,3
13:22:00,99.25,99.35,99.22,99.33,621260,3
13:23:00,99.33,99.35,99.23,99.35,362160,3
13:24:00,99.3,99.31,99.22,99.23,76390,3
13:25:00,99.25,99.35,99.25,99.35,220350,3
13:26:00,99.35,99.4,99.3,99.4,542840,3
13:27:00,99.4,99.42,99.4,99.41,690090,3
13:28:00,99.41,99.44,99.41,99.44,60600,3
13:29:00,99.44,99.54,99.42,99.51,934780,3
13:30:00,99.54,99.63,99.4,99.4,807640,3
13:31:00,99.42,99.52,99.32,99.39,844720,3
13:32:00,99.39,99.4,99.37,99.37,83600,3
13:33:00,99.37,99.37,99.27,99.31,312930,3
13:34:00,99.32,99.32,99.22,99.25,161220,3
13:35:00,99.29,99.3,99.25,99.25,48440,3
13:36:00,99.26,99.26,99.01,99.05,1454380,3
13:37:00,99.05,99.09,98.92,98.95,839040,3
13:38:00,99.0,99.0,98.93,98.98,173500,3
13:39:00,98.98,98.98,98.78,98.8,435420,3
13:40:00,98.8,99.0,98.77,98.98,426150,3
13:41:00,98.93,98.97,98.77,98.77,182550,3
13:42:00,98.8,98.9,98.78,98.87,113150,3
13:43:00,98.9,98.99,98.87,98.99,153600,3
13:44:00,98.99,98.99,98.78,98.78,173880,3
13:45:00,98.8,98.91,98.76,98.83,126030,3
13:46:00,98.81,98.84,98.7,98.79,265500,3
13:47:00,98.79,98.87,98.79,98.83,101320,3
13:48:00,98.82,98.83,98.73,98.73,63740,3
13:49:00,98.74,98.78,98.66,98.7,151730,3
13:50:00,98.67,98.74,98.64,98.68,178640,3
13:51:00,98.68,98.69,98.56,98.63,262010,3
13:52:00,98.66,98.81,98.64,98.81,113120,3
13:53:00,98.77,98.89,98.62,98.65,355460,3
13:54:00,98.65,98.8,98.65,98.72,107020,3
13:55:00,98.74,98.77,98.7,98.77,54750,3
13:56:00,98.77,98.79,98.71,98.79,87100,3
13:57:00,98.79,98.87,98.79,98.82,288820,3
13:58:00,98.82,98.82,98.73,98.8,96040,3
13:59:00,98.8,99.0,98.8,98.96,245990,3
14:00:00,98.95,98.99,98.91,98.97,63040,3
14:01:00,98.97,98.99,98.95,98.97,22070,3
14:02:00,98.95,98.95,98.92,98.94,14780,3
14:03:00,98.94,98.95,98.93,98.95,22070,3
14:04:00,98.96,99.18,98.95,99.1,513630,3
14:05:00,99.1,99.3,99.09,99.2,453650,3
14:06:00,99.2,99.25,99.1,99.1,424000,3
14:07:00,99.1,99.17,99.01,99.07,159460,3
14:08:00,99.13,99.13,99.02,99.03,140920,3
14:09:00,99.04,99.1,99.02,99.04,143420,3
14:10:00,99.09,99.09,98.89,98.89,204380,3
14:11:00,98.88,98.9,98.75,98.78,76830,3
14:12:00,98.79,99.08,98.79,98.93,601550,3
14:13:00,98.9,98.98,98.9,98.9,157700,3
14:14:00,98.9,98.91,98.71,98.73,175720,3
14:15:00,98.72,98.95,98.72,98.87,220320,3
14:16:00,98.82,98.85,98.8,98.8,13700,3
14:17:00,98.84,98.87,98.77,98.81,68340,3
14:18:00,98.78,98.8,98.65,98.65,200960,3
14:19:00,98.68,98.69,98.62,98.63,100390,3
14:20:00,98.63,98.81,98.62,98.77,270980,3
14:21:00,98.77,98.77,98.69,98.73,27630,3
14:22:00,98.73,98.79,98.73,98.79,62090,3
14:23:00,98.78,98.8,98.74,98.76,38070,3
14:24:00,98.78,98.87,98.76,98.85,247310,3
14:25:00,98.85,98.85,98.73,98.78,113930,3
14:26:00,98.79,98.85,98.77,98.81,70150,3
14:27:00,98.79,98.97,98.79,98.95,218180,3
14:28:00,98.95,98.96,98.73,98.73,484320,3
14:29:00,98.77,98.78,98.33,98.43,3081020,3
14:30:00,98.42,98.47,98.32,98.39,402550,3
14:31:00,98.35,98.55,98.35,98.52,196880,3
14:32:00,98.51,98.51,98.42,98.46,104550,3
14:33:00,98.45,98.59,98.45,98.59,541610,3
14:34:00,98.59,98.6,98.5,98.5,120770,3
14:35:00,98.51,98.57,98.45,98.55,177300,3
14:36:00,98.54,98.54,98.41,98.41,87970,3
14:37:00,98.43,98.45,98.34,98.38,151750,3
14:38:00,98.39,98.41,98.36,98.41,153200,3
14:39:00,98.41,98.41,98.36,98.41,159590,3
14:40:00,98.41,98.41,98.39,98.39,124550,3
14:41:00,98.4,98.4,98.31,98.31,279440,3
14:42:00,98.33,98.36,98.31,98.35,150670,3
14:43:00,98.34,98.36,98.33,98.35,119330,3
14:44:00,98.35,98.35,98.32,98.35,37530,3
14:45:00,98.35,98.35,98.12,98.13,1099980,3
14:46:00,98.13,98.13,98.0,98.09,2279500,3
14:47:00,98.09,98.11,98.0,98.02,318100,3
14:48:00,98.01,98.09,98.0,98.07,170390,3
14:49:00,98.05,98.09,98.02,98.09,93390,3
14:50:00,98.08,98.14,98.05,98.14,167660,3
14:51:00,98.12,98.18,98.11,98.18,104010,3
14:52:00,98.17,98.17,98.05,98.07,190880,3
14:53:00,98.07,98.1,98.05,98.09,41730,3
14:54:00,98.09,98.14,98.0,98.0,399050,3
14:55:00,98.0,98.06,97.75,97.78,1925360,3
14:56:00,97.78,97.81,97.75,97.79,691430,3
14:57:00,97.78,97.85,97.75,97.85,221640,3
14:58:00,97.85,97.92,97.78,97.9,561750,3
14:59:00,97.87,97.89,97.83,97.85,57650,3
15:00:00,97.85,97.85,97.75,97.79,520410,3
15:01:00,97.79,97.87,97.78,97.85,259190,3
15:02:00,97.83,98.12,97.83,98.12,485670,3
15:03:00,98.12,98.19,98.1,98.17,376980,3
15:04:00,98.15,98.26,98.15,98.2,253500,3
15:05:00,98.21,98.33,98.18,98.29,163420,3
15:06:00,98.28,98.28,98.12,98.17,168960,3
15:07:00,98.22,98.31,98.22,98.31,314880,3
15:08:00,98.31,98.37,98.28,98.37,261020,3
15:09:00,98.36,98.41,98.28,98.31,358660,3
15:10:00,98.31,98.33,98.25,98.3,105520,3
15:11:00,98.32,98.32,98.18,98.19,161390,3
15:12:00,98.19,98.25,98.16,98.25,118190,3
15:13:00,98.24,98.29,98.18,98.28,211130,3
15:14:00,98.28,98.3,98.21,98.29,80760,3
15:15:00,98.29,98.33,98.25,98.25,86190,3
15:16:00,98.27,98.35,98.26,98.27,111780,3
15:17:00,98.27,98.35,98.23,98.28,210540,3
15:18:00,98.28,98.29,98.22,98.24,48890,3
15:19:00,98.24,98.31,98.2,98.28,183240,3
15:20:00,98.28,98.28,98.1,98.15,316700,3
15:21:00,98.17,98.19,98.01,98.14,914930,3
15:22:00,98.15,98.17,98.03,98.1,176080,3
15:23:00,98.1,98.12,97.89,98.1,980800,3
15:24:00,98.12,98.29,98.08,98.25,281990,3
15:25:00,98.25,98.28,98.08,98.21,213320,3
15:26:00,98.21,98.29,98.2,98.29,116010,3
15:27:00,98.28,98.35,98.28,98.3,224460,3
15:28:00,98.31,98.31,98.3,98.31,106280,3
15:29:00,98.31,98.35,98.3,98.31,55680,3
15:30:00,98.33,98.34,98.3,98.31,60460,3
15:31:00,98.31,98.34,98.3,98.34,53070,3
15:32:00,98.31,98.31,98.2,98.23,102610,3
15:33:00,98.23,98.33,98.19,98.32,50620,3
15:34:00,98.33,98.78,98.33,98.66,1247780,3
15:35:00,98.66,98.7,98.61,98.65,211130,3
15:36:00,98.62,98.65,98.5,98.63,385930,3
15:37:00,98.63,98.64,98.53,98.61,94920,3
15:38:00,98.57,98.7,98.57,98.7,142020,3
15:39:00,98.69,98.77,98.67,98.75,576210,3
15:40:00,98.73,98.75,98.61,98.66,345770,3
15:41:00,98.66,98.74,98.63,98.64,230590,3
15:42:00,98.63,98.63,98.55,98.56,90380,3
15:43:00,98.58,98.67,98.58,98.62,185540,3
15:44:00,98.62,98.63,98.6,98.6,15810,3
15:45:00,98.6,98.63,98.58,98.6,192220,3
15:46:00,98.6,98.7,98.6,98.69,152000,3
15:47:00,98.69,98.69,98.6,98.66,49860,3
15:48:00,98.67,98.68,98.6,98.6,591650,3
15:49:00,98.61,98.63,98.6,98.61,198080,3
15:50:00,98.61,98.64,98.6,98.6,160310,3
15:51:00,98.61,98.68,98.6,98.6,233130,3
15:52:00,98.6,98.66,98.56,98.63,476820,3
15:53:00,98.66,98.66,98.62,98.64,54730,3
15:54:00,98.63,98.76,98.61,98.69,821600,3
15:55:00,98.68,98.74,98.65,98.73,45510,3
15:56:00,98.74,98.8,98.72,98.8,211330,3
15:57:00,98.79,98.92,98.75,98.88,436980,3
15:58:00,98.88,98.9,98.75,98.77,147380,3
15:59:00,98.76,98.81,98.71,98.77,94940,3
16:00:00,98.78,98.85,98.63,98.64,389020,3
16:01:00,98.64,98.73,98.63,98.63,125250,3
16:02:00,98.63,98.74,98.61,98.7,291440,3
16:03:00,98.72,98.72,98.61,98.63,119210,3
16:04:00,98.63,98.67,98.61,98.65,104590,3
16:05:00,98.65,98.67,98.58,98.67,338130,3
16:06:00,98.68,98.75,98.64,98.73,338140,3
16:07:00,98.73,98.74,98.71,98.73,19200,3
16:08:00,98.73,98.77,98.71,98.71,43630,3
16:09:00,98.75,98.8,98.71,98.79,123350,3
16:10:00,98.79,98.8,98.71,98.75,186890,3
16:11:00,98.75,98.75,98.7,98.73,142750,3
16:12:00,98.71,98.87,98.71,98.87,187240,3
16:13:00,98.87,98.87,98.71,98.73,23030,3
16:14:00,98.74,98.79,98.71,98.73,27130,3
16:15:00,98.76,98.79,98.74,98.77,36340,3
16:16:00,98.76,98.76,98.7,98.75,198450,3
16:17:00,98.75,98.75,98.71,98.71,19250,3
16:18:00,98.72,98.73,98.7,98.71,25240,3
16:19:00,98.71,98.75,98.7,98.73,119480,3
16:20:00,98.73,98.75,98.72,98.74,17230,3
16:21:00,98.74,98.74,98.67,98.67,299870,3
16:22:00,98.67,98.67,98.6,98.64,166590,3
16:23:00,98.62,98.7,98.56,98.69,361830,3
16:24:00,98.64,98.68,98.63,98.68,46920,3
16:25:00,98.68,98.68,98.67,98.67,7950,3
16:26:00,98.68,98.68,98.63,98.68,64300,3
16:27:00,98.68,98.7,98.67,98.7,74250,3
16:28:00,98.7,98.7,98.66,98.7,52840,3
16:29:00,98.7,98.75,98.68,98.7,131280,3
16:30:00,98.7,99.07,98.7,98.86,1472450,3
16:31:00,98.87,99.08,98.87,99.07,601050,3
16:32:00,99.07,99.08,98.92,98.98,170030,3
16:33:00,98.97,99.08,98.97,99.02,142150,3
16:34:00,99.04,99.19,98.98,99.07,524970,3
16:35:00,99.11,99.3,99.09,99.3,582410,3
16:36:00,99.28,99.3,99.15,99.2,302640,3
16:37:00,99.2,99.21,99.12,99.19,170700,3
16:38:00,99.15,99.15,99.02,99.02,161400,3
16:39:00,99.03,99.11,98.93,99.11,311000,3
16:40:00,99.11,99.2,99.08,99.1,218420,3
16:41:00,99.1,99.1,98.93,98.95,276800,3
16:42:00,98.93,99.02,98.81,98.86,215870,3
16:43:00,98.87,98.87,98.7,98.8,559550,3
16:44:00,98.8,98.91,98.76,98.87,162890,3
16:45:00,98.84,98.91,98.82,98.85,49830,3
16:46:00,98.84,98.92,98.82,98.92,90970,3
16:47:00,98.92,99.1,98.91,99.1,407300,3
16:48:00,99.08,99.1,98.92,99.0,180320,3
16:49:00,98.99,99.05,98.92,99.01,124690,3
16:50:00,98.96,99.2,98.96,99.14,419280,3
16:51:00,99.14,99.16,99.0,99.02,79920,3
16:52:00,99.02,99.17,98.9,99.06,272450,3
16:53:00,99.1,99.1,98.96,98.99,70070,3
16:54:00,98.95,99.0,98.95,98.96,9330,3
16:55:00,98.99,98.99,98.91,98.92,18280,3
16:56:00,98.92,98.94,98.77,98.77,318190,3
16:57:00,98.85,98.93,98.75,98.88,299820,3
16:58:00,98.88,98.88,98.77,98.8,331120,3
16:59:00,98.79,98.8,98.75,98.8,104160,3
17:00:00,98.8,98.8,98.72,98.72,1065680,3
17:01:00,98.74,98.8,98.73,98.8,273680,3
17:02:00,98.78,98.8,98.77,98.8,253940,3
17:03:00,98.8,98.8,98.75,98.8,186000,3
17:04:00,98.8,98.8,98.74,98.79,419780,3
17:05:00,98.79,98.8,98.78,98.79,139940,3
17:06:00,98.8,99.03,98.78,99.03,525440,3
17:07:00,99.03,99.05,98.99,99.03,164510,3
17:08:00,99.03,99.05,99.0,99.01,51390,3
17:09:00,99.0,99.0,98.94,98.94,113300,3
17:10:00,98.96,99.1,98.95,99.01,293480,3
17:11:00,99.0,99.1,98.99,99.08,299770,3
17:12:00,99.08,99.23,99.07,99.23,446620,3
17:13:00,99.23,99.24,99.16,99.2,328600,3
17:14:00,99.17,99.18,99.07,99.13,68600,3
17:15:00,99.15,99.38,99.12,99.34,1327200,3
17:16:00,99.34,99.44,99.3,99.42,892230,3
17:17:00,99.43,99.44,99.33,99.37,493510,3
17:18:00,99.35,99.39,99.32,99.39,222340,3
17:19:00,99.39,99.39,99.3,99.31,322670,3
17:20:00,99.31,99.35,99.29,99.31,51480,3
17:21:00,99.31,99.31,99.11,99.14,385930,3
17:22:00,99.14,99.25,99.12,99.23,127530,3
17:23:00,99.22,99.35,99.22,99.35,141890,3
17:24:00,99.35,99.44,99.35,99.44,230480,3
17:25:00,99.44,99.44,99.24,99.34,144640,3
17:26:00,99.34,99.36,99.15,99.15,259970,3
17:27:00,99.17,99.26,99.12,99.18,231200,3
17:28:00,99.18,99.26,99.14,99.26,92110,3
17:29:00,99.26,99.3,99.2,99.29,177970,3
17:30:00,99.29,99.38,99.27,99.28,217970,3
17:31:00,99.29,99.35,99.24,99.29,128150,3
17:32:00,99.26,99.3,99.09,99.27,249450,3
17:33:00,99.28,99.29,99.11,99.13,76850,3
17:34:00,99.12,99.23,99.1,99.12,296060,3
17:35:00,99.11,99.18,99.1,99.14,129860,3
17:36:00,99.14,99.23,99.14,99.22,67260,3
17:37:00,99.23,99.24,99.14,99.21,230190,3
17:38:00,99.2,99.2,99.01,99.03,435380,3
17:39:00,99.03,99.11,98.99,99.02,141630,3
17:40:00,99.02,99.15,99.01,99.1,119310,3
17:41:00,99.09,99.2,99.07,99.18,117960,3
17:42:00,99.19,99.4,99.19,99.35,930530,3
17:43:00,99.36,99.41,99.25,99.31,447170,3
17:44:00,99.31,99.34,99.29,99.29,34430,3
17:45:00,99.29,99.3,99.24,99.24,505700,3
17:46:00,99.28,99.44,99.28,99.39,617340,3
17:47:00,99.39,99.44,99.39,99.44,472620,3
17:48:00,99.44,99.54,99.24,99.32,1533860,3
17:49:00,99.32,99.33,99.23,99.28,97730,3
17:50:00,99.27,99.28,99.04,99.11,593870,3
17:51:00,99.11,99.3,99.08,99.23,408170,3
17:52:00,99.27,99.29,99.11,99.16,260190,3
17:53:00,99.16,99.2,99.1,99.11,331130,3
17:54:00,99.11,99.2,99.08,99.14,487530,3
17:55:00,99.19,99.89,99.19,99.69,5955680,3
17:56:00,99.68,99.75,99.55,99.6,1300140,3
17:57:00,99.6,99.64,99.51,99.61,546950,3
17:58:00,99.63,99.63,99.51,99.51,350440,3
17:59:00,99.53,99.58,99.5,99.54,255930,3
18:00:00,99.54,99.63,99.51,99.63,459360,3
18:01:00,99.62,99.66,99.55,99.64,434570,3
18:02:00,99.64,99.66,99.54,99.58,261480,3
18:03:00,99.59,99.64,99.53,99.55,370540,3
18:04:00,99.55,99.55,99.35,99.48,767000,3
18:05:00,99.48,99.52,99.42,99.49,182440,3
18:06:00,99.49,99.53,99.41,99.52,180340,3
18:07:00,99.47,99.55,99.46,99.54,264360,3
18:08:00,99.54,99.69,99.47,99.68,1224600,3
18:09:00,99.68,100.09,99.64,100.02,5797270,3
18:10:00,100.08,100.17,100.02,100.1,1730170,3
18:11:00,100.12,100.4,100.11,100.33,2891360,3
18:12:00,100.32,100.38,100.27,100.29,1565030,3
18:13:00,100.29,100.54,100.27,100.52,2680770,3
18:14:00,100.49,100.58,100.34,100.42,987800,3
18:15:00,100.44,100.48,100.38,100.42,708090,3
18:16:00,100.42,100.45,100.32,100.32,262650,3
18:17:00,100.32,100.5,100.32,100.35,978750,3
18:18:00,100.35,100.44,100.33,100.34,484180,3
18:19:00,100.37,100.4,100.25,100.3,469450,3
18:20:00,100.29,100.37,100.28,100.33,283950,3
18:21:00,100.33,100.33,100.25,100.29,448470,3
18:22:00,100.3,100.36,100.25,100.28,546340,3
18:23:00,100.3,100.39,100.3,100.3,268750,3
18:24:00,100.3,100.37,100.28,100.33,284510,3
18:25:00,100.34,100.43,100.3,100.43,396570,3
18:26:00,100.37,100.44,100.33,100.4,444760,3
18:27:00,100.4,100.44,100.31,100.31,526230,3
18:28:00,100.31,100.33,100.25,100.25,333950,3
18:29:00,100.25,100.35,100.23,100.34,442080,3
18:30:00,100.34,100.7,100.32,100.55,2632870,3
18:31:00,100.59,100.63,100.43,100.5,1025760,3
18:32:00,100.49,100.59,100.45,100.56,424730,3
18:33:00,100.56,100.73,100.5,100.59,1193880,3
18:34:00,100.63,100.78,100.59,100.78,1168620,3
18:35:00,100.78,100.96,100.65,100.9,4373520,3
18:36:00,100.89,100.96,100.8,100.96,648320,3
18:37:00,100.9,100.96,100.88,100.9,643640,3
18:38:00,100.9,101.03,100.8,100.95,3092310,3
10:00:00,100.25,100.34,99.9,100.13,2424860,4
10:01:00,100.12,100.17,99.83,99.89,3195660,4
10:02:00,99.89,99.99,99.86,99.92,1154690,4
10:03:00,99.93,100.01,99.9,100.0,1492460,4
10:04:00,99.99,100.09,99.91,99.91,491730,4
10:05:00,99.94,99.94,99.85,99.86,1248980,4
10:06:00,99.88,99.99,99.85,99.93,231940,4
10:07:00,99.96,99.97,99.88,99.9,301520,4
10:08:00,99.9,100.1,99.87,100.09,727900,4
10:09:00,100.09,100.14,100.03,100.08,157630,4
10:10:00,100.07,100.09,99.91,99.94,679680,4
10:11:00,99.94,100.04,99.92,100.04,910950,4
10:12:00,100.02,100.05,100.0,100.05,252820,4
10:13:00,100.0,100.0,99.8,99.92,909690,4
10:14:00,99.92,99.92,99.82,99.86,383140,4
10:15:00,99.86,99.88,99.67,99.7,865260,4
10:16:00,99.7,99.8,99.68,99.73,294800,4
10:17:00,99.73,99.88,99.71,99.85,345720,4
10:18:00,99.86,99.88,99.73,99.75,254740,4
10:19:00,99.77,99.9,99.75,99.89,161780,4
10:20:00,99.89,99.99,99.89,99.92,207100,4
10:21:00,99.92,99.93,99.76,99.84,386490,4
10:22:00,99.83,99.88,99.8,99.8,129650,4
10:23:00,99.83,99.87,99.7,99.86,189360,4
10:24:00,99.86,99.91,99.78,99.91,101670,4
10:25:00,99.9,99.91,99.83,99.85,58160,4
10:26:00,99.89,99.92,99.85,99.92,126290,4
10:27:00,99.88,100.03,99.86,100.0,294770,4
10:28:00,100.0,100.01,99.91,100.01,120960,4
10:29:00,100.0,100.0,99.91,99.96,60040,4
10:30:00,99.95,99.98,99.89,99.98,80620,4
10:31:00,99.98,100.18,99.95,100.16,841640,4
10:32:00,100.16,100.45,100.13,100.44,1447660,4
10:33:00,100.42,100.58,100.36,100.4,892430,4
10:34:00,100.43,100.6,100.4,100.47,831140,4
10:35:00,100.47,100.7,100.45,100.61,888500,4
10:36:00,100.6,100.67,100.6,100.6,257400,4
10:37:00,100.6,100.61,100.35,100.38,765650,4
10:38:00,100.39,100.41,100.27,100.3,211090,4
10:39:00,100.28,100.53,100.25,100.51,333090,4
10:40:00,100.51,100.51,100.35,100.48,118260,4
10:41:00,100.48,100.6,100.45,100.59,346500,4
10:42:00,100.59,100.71,100.59,100.62,315920,4
10:43:00,100.63,100.69,100.57,100.67,50210,4
10:44:00,100.67,100.86,100.64,100.82,352000,4
10:45:00,100.82,100.85,100.71,100.82,246840,4
10:46:00,100.78,100.9,100.68,100.89,1023140,4
10:47:00,100.89,101.0,100.86,100.99,935310,4
10:48:00,101.0,101.33,100.99,101.27,1589270,4
10:49:00,101.27,101.33,101.15,101.24,455190,4
10:50:00,101.21,101.3,101.09,101.1,1036540,4
10:51:00,101.1,101.25,101.09,101.17,457420,4
10:52:00,101.19,101.2,100.99,101.1,831360,4
10:53:00,101.09,101.09,100.96,101.03,363650,4
10:54:00,101.03,101.1,100.91,100.95,797250,4
10:55:00,100.95,101.01,100.75,100.8,346500,4
10:56:00,100.8,101.0,100.77,100.92,298440,4
10:57:00,100.9,100.95,100.8,100.85,244240,4
10:58:00,100.87,100.99,100.84,100.87,725140,4
10:59:00,100.85,101.0,100.83,100.89,502100,4
11:00:00,100.86,100.87,100.71,100.71,672140,4
11:01:00,100.71,100.72,100.58,100.69,481820,4
11:02:00,100.68,100.74,100.66,100.71,115140,4
11:03:00,100.74,100.87,100.72,100.84,225120,4
11:04:00,100.83,100.87,100.65,100.77,533480,4
11:05:00,100.74,100.84,100.7,100.84,136220,4
11:06:00,100.84,100.85,100.74,100.77,100570,4
11:07:00,100.78,100.83,100.58,100.59,581720,4
11:08:00,100.6,100.8,100.59,100.67,425850,4
11:09:00,100.69,100.76,100.63,100.7,227340,4
11:10:00,100.69,100.75,100.66,100.68,164340,4
11:11:00,100.7,100.78,100.56,100.64,601980,4
11:12:00,100.61,100.65,100.4,100.47,677780,4
11:13:00,100.46,100.79,100.46,100.59,731640,4
11:14:00,100.63,100.7,100.46,100.59,285130,4
11:15:00,100.58,100.64,100.47,100.58,279480,4
11:16:00,100.58,100.58,100.46,100.5,304140,4
11:17:00,100.53,100.54,100.28,100.37,887780,4
11:18:00,100.36,100.55,100.34,100.47,496280,4
11:19:00,100.49,100.55,100.45,100.49,183860,4
11:20:00,100.49,100.59,100.45,100.45,278070,4
11:21:00,100.46,100.52,100.4,100.45,210390,4
11:22:00,100.45,100.5,100.44,100.5,211920,4
11:23:00,100.49,100.5,100.44,100.49,192780,4
11:24:00,100.49,100.49,100.42,100.45,168240,4
11:25:00,100.46,100.69,100.46,100.69,437060,4
11:26:00,100.69,100.8,100.64,100.69,910800,4
11:27:00,100.7,100.8,100.62,100.74,95120,4
11:28:00,100.76,100.8,100.5,100.62,418320,4
11:29:00,100.62,100.65,100.56,100.63,61990,4
11:30:00,100.64,100.7,100.58,100.64,292310,4
11:31:00,100.61,100.77,100.45,100.53,1139180,4
11:32:00,100.52,100.62,100.48,100.6,171870,4
11:33:00,100.6,100.65,100.54,100.62,76260,4
11:34:00,100.62,100.71,100.6,100.64,130980,4
11:35:00,100.65,100.69,100.14,100.4,1062800,4
11:36:00,100.39,100.6,100.36,100.49,246000,4
11:37:00,100.51,100.54,100.36,100.46,170880,4
11:38:00,100.48,100.6,100.39,100.56,353080,4
11:39:00,100.53,100.58,100.4,100.57,498970,4
11:40:00,100.57,101.2,100.52,100.96,2951400,4
11:41:00,100.97,101.11,100.9,101.1,501640,4
11:42:00,101.06,101.06,100.75,100.88,338520,4
11:43:00,100.88,101.0,100.88,100.91,101630,4
11:44:00,100.95,101.06,100.86,100.99,174520,4
11:45:00,100.97,101.1,100.9,100.92,378780,4
11:46:00,100.9,100.95,100.89,100.9,28960,4
11:47:00,100.89,100.9,100.77,100.77,304060,4
11:48:00,100.79,100.79,100.61,100.68,129620,4
11:49:00,100.63,100.82,100.63,100.71,119400,4
11:50:00,100.7,100.77,100.68,100.77,37600,4
11:51:00,100.77,100.77,100.62,100.62,129100,4
11:52:00,100.62,100.79,100.62,100.79,214870,4
11:53:00,100.79,100.94,100.79,100.8,205680,4
11:54:00,100.8,100.93,100.78,100.93,256110,4
11:55:00,100.93,101.0,100.82,100.86,489780,4
11:56:00,100.88,100.9,100.7,100.7,113020,4
11:57:00,100.72,100.91,100.72,100.84,168760,4
11:58:00,100.84,101.1,100.84,100.96,560780,4
11:59:00,101.0,101.1,100.99,101.09,265860,4
12:00:00,101.09,101.15,100.96,101.06,539540,4
12:01:00,101.03,101.18,101.01,101.18,390620,4
12:02:00,101.18,101.2,101.05,101.13,929810,4
12:03:00,101.15,101.18,101.06,101.16,382140,4
12:04:00,101.17,101.19,101.13,101.15,257660,4
12:05:00,101.15,101.17,100.9,100.95,339080,4
12:06:00,100.95,101.13,100.92,100.98,456120,4
12:07:00,100.95,101.03,100.91,101.0,114230,4
12:08:00,101.0,101.0,100.95,100.99,39860,4
12:09:00,100.96,101.02,100.96,100.99,41200,4
12:10:00,100.98,101.0,100.95,100.95,46140,4
12:11:00,100.95,100.95,100.73,100.84,425160,4
12:12:00,100.84,100.84,100.7,100.71,179100,4
12:13:00,100.71,100.93,100.7,100.91,111100,4
12:14:00,100.91,100.92,100.85,100.92,42960,4
12:15:00,100.91,100.94,100.87,100.91,48900,4
12:16:00,100.94,100.98,100.83,100.95,499780,4
12:17:00,100.95,101.04,100.86,101.0,413580,4
12:18:00,101.0,101.1,100.97,101.07,400710,4
12:19:00,101.07,101.07,100.92,100.95,145640,4
12:20:00,100.95,100.95,100.85,100.88,340680,4
12:21:00,100.87,100.88,100.72,100.8,254990,4
12:22:00,100.79,100.84,100.74,100.8,100780,4
12:23:00,100.8,100.89,100.77,100.82,430760,4
12:24:00,100.8,100.98,100.77,100.95,211420,4
12:25:00,100.95,101.19,100.95,101.18,436060,4
12:26:00,101.19,101.19,101.08,101.15,233550,4
12:27:00,101.12,101.45,101.11,101.41,1576000,4
12:28:00,101.42,101.45,101.3,101.38,534990,4
12:29:00,101.35,101.4,101.29,101.31,193990,4
12:30:00,101.33,101.4,101.22,101.29,249010,4
12:31:00,101.29,101.33,101.23,101.33,118340,4
12:32:00,101.33,101.36,101.27,101.33,143020,4
12:33:00,101.34,101.38,101.3,101.34,133420,4
12:34:00,101.31,101.37,101.24,101.35,248240,4
12:35:00,101.34,101.34,101.26,101.3,246420,4
12:36:00,101.3,101.3,101.26,101.27,39030,4
12:37:00,101.29,101.3,101.23,101.29,256010,4
12:38:00,101.25,101.39,101.2,101.29,783600,4
12:39:00,101.28,101.4,101.26,101.35,718770,4
12:40:00,101.35,101.35,101.31,101.32,425730,4
12:41:00,101.34,101.35,101.28,101.35,246540,4
12:42:00,101.35,101.35,101.28,101.3,265460,4
12:43:00,101.28,101.29,101.19,101.21,328470,4
12:44:00,101.19,101.19,101.14,101.16,231230,4
12:45:00,101.17,101.29,101.13,101.22,441270,4
12:46:00,101.21,101.22,101.14,101.14,71810,4
12:47:00,101.14,101.17,101.05,101.07,165790,4
12:48:00,101.07,101.29,101.01,101.01,708130,4
12:49:00,101.04,101.13,101.04,101.09,118270,4
12:50:00,101.06,101.09,101.05,101.08,22530,4
12:51:00,101.08,101.2,101.05,101.2,365040,4
12:52:00,101.19,101.2,101.05,101.11,166660,4
12:53:00,101.11,101.11,101.07,101.07,16100,4
12:54:00,101.08,101.25,101.07,101.25,317830,4
12:55:00,101.25,101.4,101.06,101.26,566300,4
12:56:00,101.29,101.31,101.19,101.2,144730,4
12:57:00,101.24,101.39,101.23,101.27,327020,4
12:58:00,101.27,101.4,101.27,101.34,182590,4
12:59:00,101.36,101.54,101.36,101.5,1361420,4
13:00:00,101.5,101.6,101.35,101.44,650090,4
13:01:00,101.44,101.49,101.25,101.25,391000,4
13:02:00,101.29,101.37,101.2,101.21,171140,4
13:03:00,101.21,101.31,101.21,101.25,46340,4
13:04:00,101.28,101.37,101.23,101.31,292150,4
13:05:00,101.32,101.34,101.24,101.24,38000,4
13:06:00,101.24,101.29,101.24,101.27,67520,4
13:07:00,101.25,101.25,101.14,101.18,175610,4
13:08:00,101.18,101.2,101.08,101.2,269010,4
13:09:00,101.18,101.18,100.77,100.91,1593470,4
13:10:00,100.9,100.9,100.52,100.61,817910,4
13:11:00,100.61,100.79,100.56,100.77,306340,4
13:12:00,100.77,100.89,100.77,100.87,178110,4
13:13:00,100.87,100.9,100.83,100.9,97910,4
13:14:00,100.9,100.9,100.8,100.85,221930,4
13:15:00,100.85,101.0,100.78,100.97,122010,4
13:16:00,100.97,101.0,100.93,100.93,77650,4
13:17:00,100.96,101.0,100.92,100.98,66250,4
13:18:00,100.98,101.0,100.9,100.99,150110,4
13:19:00,100.99,100.99,100.95,100.99,32990,4
13:20:00,100.99,101.04,100.97,101.03,124070,4
13:21:00,101.02,101.09,100.98,100.98,126840,4
13:22:00,100.98,100.98,100.83,100.86,92170,4
13:23:00,100.86,100.86,100.8,100.82,40110,4
13:24:00,100.81,100.82,100.8,100.81,105890,4
13:25:00,100.81,100.81,100.72,100.72,380630,4
13:26:00,100.75,100.75,100.72,100.72,89540,4
13:27:00,100.72,100.73,100.56,100.65,373890,4
13:28:00,100.65,100.69,100.59,100.63,164460,4
13:29:00,100.65,100.78,100.64,100.78,161740,4
13:30:00,100.73,100.73,100.4,100.4,762550,4
13:31:00,100.45,100.47,100.37,100.43,1369300,4
13:32:00,100.43,100.5,100.37,100.5,520250,4
13:33:00,100.5,100.58,100.46,100.52,304530,4
13:34:00,100.57,100.72,100.54,100.69,425350,4
13:35:00,100.66,100.69,100.5,100.61,186100,4
13:36:00,100.61,100.67,100.54,100.67,141000,4
13:37:00,100.67,100.75,100.59,100.74,420500,4
13:38:00,100.71,100.83,100.65,100.83,270220,4
13:39:00,100.76,100.85,100.76,100.81,37200,4
13:40:00,100.85,101.09,100.83,100.93,810190,4
13:41:00,100.95,100.97,100.86,100.86,43700,4
13:42:00,100.85,100.9,100.82,100.89,78830,4
13:43:00,100.85,100.97,100.83,100.97,93760,4
13:44:00,100.97,101.2,100.88,100.98,483300,4
13:45:00,101.0,101.14,100.91,100.91,124120,4
13:46:00,100.91,101.07,100.9,101.01,46310,4
13:47:00,101.0,101.09,100.99,101.06,154310,4
13:48:00,101.09,101.1,101.06,101.07,72870,4
13:49:00,101.07,101.09,101.04,101.05,57600,4
13:50:00,101.07,101.1,100.93,100.95,89900,4
13:51:00,100.96,101.0,100.95,100.95,55480,4
13:52:00,100.95,100.96,100.91,100.94,39950,4
13:53:00,100.95,100.96,100.85,100.89,139220,4
13:54:00,100.89,100.89,100.86,100.88,26120,4
13:55:00,100.88,100.88,100.72,100.75,122890,4
13:56:00,100.75,100.88,100.75,100.88,33810,4
13:57:00,100.87,100.97,100.82,100.94,172680,4
13:58:00,100.94,100.98,100.93,100.97,43660,4
13:59:00,100.94,100.97,100.94,100.95,34870,4
14:00:00,100.95,100.97,100.93,100.93,54180,4
14:01:00,100.93,100.93,100.87,100.87,29240,4
14:02:00,100.87,100.87,100.85,100.87,39910,4
14:03:00,100.88,100.9,100.84,100.9,95640,4
14:04:00,100.9,100.96,100.76,100.9,177640,4
14:05:00,100.88,100.89,100.8,100.87,63830,4
14:06:00,100.87,100.97,100.86,100.96,131240,4
14:07:00,100.96,101.0,100.84,100.84,279890,4
14:08:00,100.82,100.91,100.81,100.91,21930,4
14:09:00,100.92,100.92,100.84,100.87,30860,4
14:10:00,100.85,100.88,100.83,100.83,46070,4
14:11:00,100.83,100.87,100.82,100.85,7330,4
14:12:00,100.87,101.1,100.87,101.1,955670,4
14:13:00,101.08,101.12,101.0,101.03,121940,4
14:14:00,101.02,101.02,100.95,100.96,64680,4
14:15:00,100.97,101.0,100.87,100.88,50320,4
14:16:00,100.88,100.88,100.88,100.88,2910,4
14:17:00,100.88,100.88,100.83,100.87,61160,4
14:18:00,100.85,101.0,100.85,101.0,55100,4
14:19:00,101.01,101.05,100.89,100.97,118000,4
14:20:00,101.0,101.08,100.98,101.03,85000,4
14:21:00,101.07,101.15,101.07,101.15,101380,4
14:22:00,101.11,101.14,101.01,101.05,106110,4
14:23:00,101.03,101.05,101.0,101.05,34280,4
14:24:00,101.03,101.19,101.03,101.16,196030,4
14:25:00,101.16,101.18,100.98,101.03,227350,4
14:26:00,101.03,101.08,101.03,101.06,13200,4
14:27:00,101.08,101.1,101.08,101.09,31500,4
14:28:00,101.09,101.1,101.09,101.09,36550,4
14:29:00,101.09,101.11,101.03,101.08,99160,4
14:30:00,101.1,101.17,101.09,101.17,73610,4
14:31:00,101.17,101.25,101.15,101.24,678280,4
14:32:00,101.2,101.23,101.16,101.17,159970,4
14:33:00,101.19,101.2,101.1,101.11,109440,4
14:34:00,101.11,101.17,101.11,101.17,8580,4
14:35:00,101.16,101.22,101.12,101.15,236080,4
14:36:00,101.12,101.18,101.03,101.03,131890,4
14:37:00,101.02,101.05,101.01,101.04,51180,4
14:38:00,101.04,101.15,101.03,101.03,75310,4
14:39:00,101.09,101.09,101.03,101.07,18800,4
14:40:00,101.1,101.14,101.1,101.14,24040,4
14:41:00,101.15,101.16,101.07,101.07,45610,4
14:42:00,101.08,101.24,101.08,101.19,143300,4
14:43:00,101.19,101.2,101.07,101.16,307970,4
14:44:00,101.18,101.28,101.12,101.2,212820,4
14:45:00,101.22,101.28,101.1,101.14,82680,4
14:46:00,101.15,101.24,101.13,101.21,27040,4
14:47:00,101.24,101.31,101.24,101.24,287130,4
14:48:00,101.22,101.26,101.17,101.22,130170,4
14:49:00,101.24,101.35,101.24,101.31,307690,4
14:50:00,101.34,101.35,101.24,101.26,243950,4
14:51:00,101.24,101.34,101.21,101.33,100230,4
14:52:00,101.32,101.35,101.27,101.27,50400,4
14:53:00,101.27,101.34,101.23,101.28,69780,4
14:54:00,101.28,101.3,101.23,101.24,26340,4
14:55:00,101.24,101.27,101.19,101.22,139240,4
14:56:00,101.22,101.28,101.21,101.22,82040,4
14:57:00,101.22,101.28,101.21,101.21,81360,4
14:58:00,101.25,101.25,101.06,101.12,244030,4
14:59:00,101.15,101.25,101.07,101.12,385890,4
15:00:00,101.12,101.14,101.04,101.05,100620,4
15:01:00,101.04,101.12,101.0,101.06,84770,4
15:02:00,101.05,101.11,101.05,101.06,47120,4
15:03:00,101.08,101.16,101.06,101.11,78410,4
15:04:00,101.08,101.13,101.07,101.08,77560,4
15:05:00,101.08,101.08,101.01,101.02,110550,4
15:06:00,101.02,101.05,101.0,101.02,163620,4
15:07:00,101.04,101.06,100.91,100.96,176110,4
15:08:00,100.95,100.98,100.9,100.9,451020,4
15:09:00,100.9,100.97,100.87,100.94,111680,4
15:10:00,100.95,101.06,100.92,101.04,188100,4
15:11:00,101.04,101.16,100.95,100.95,197150,4
15:12:00,100.94,101.0,100.92,101.0,69220,4
15:13:00,100.98,101.08,100.96,101.0,140340,4
15:14:00,100.98,101.07,100.96,101.05,31760,4
15:15:00,101.08,101.09,100.93,100.99,38220,4
15:16:00,100.96,101.0,100.95,100.95,14790,4
15:17:00,100.95,100.96,100.93,100.94,8710,4
15:18:00,100.94,100.95,100.9,100.91,88930,4
15:19:00,100.92,100.95,100.91,100.93,6590,4
15:20:00,100.92,100.93,100.75,100.79,430950,4
15:21:00,100.81,100.98,100.78,100.87,129740,4
15:22:00,100.91,100.91,100.88,100.89,24090,4
15:23:00,100.88,100.92,100.87,100.9,22900,4
15:24:00,100.9,100.9,100.84,100.84,85210,4
15:25:00,100.85,100.91,100.84,100.91,68020,4
15:26:00,100.91,101.04,100.91,101.02,186640,4
15:27:00,100.99,101.05,100.93,100.99,96430,4
15:28:00,101.03,101.17,101.03,101.17,469010,4
15:29:00,101.17,101.19,101.11,101.11,89080,4
15:30:00,101.13,101.14,101.08,101.08,122460,4
15:31:00,101.13,101.13,101.08,101.12,26190,4
15:32:00,101.14,101.18,101.11,101.11,64510,4
15:33:00,101.12,101.2,101.12,101.2,163160,4
15:34:00,101.17,101.26,101.14,101.23,236430,4
15:35:00,101.26,101.34,101.23,101.3,226920,4
15:36:00,101.34,101.73,101.34,101.63,2570000,4
15:37:00,101.63,101.7,101.61,101.69,567540,4
15:38:00,101.69,101.7,101.5,101.55,237970,4
15:39:00,101.53,101.7,101.53,101.63,586880,4
15:40:00,101.67,101.75,101.6,101.64,1329340,4
15:41:00,101.64,101.68,101.61,101.64,77810,4
15:42:00,101.62,101.65,101.58,101.63,106560,4
15:43:00,101.64,101.68,101.57,101.6,240640,4
15:44:00,101.57,101.62,101.51,101.59,171720,4
15:45:00,101.62,101.62,101.5,101.52,270940,4
15:46:00,101.54,101.6,101.52,101.54,82620,4
15:47:00,101.58,101.59,101.41,101.45,192900,4
15:48:00,101.45,101.5,101.32,101.43,286300,4
15:49:00,101.43,101.48,101.41,101.44,46980,4
15:50:00,101.48,101.5,101.4,101.48,53980,4
15:51:00,101.47,101.54,101.41,101.5,335640,4
15:52:00,101.53,101.53,101.4,101.48,82580,4
15:53:00,101.5,101.56,101.43,101.53,289940,4
15:54:00,101.56,101.56,101.47,101.48,70040,4
15:55:00,101.47,101.49,101.36,101.42,127620,4
15:56:00,101.42,101.49,101.38,101.44,61880,4
15:57:00,101.48,101.5,101.44,101.47,44500,4
15:58:00,101.49,101.5,101.21,101.34,553540,4
15:59:00,101.4,101.47,101.31,101.32,138140,4
16:00:00,101.33,101.5,101.31,101.4,156120,4
16:01:00,101.37,101.44,101.36,101.4,52500,4
16:02:00,101.4,101.5,101.33,101.34,425300,4
16:03:00,101.35,101.38,101.31,101.35,68160,4
16:04:00,101.32,101.4,101.32,101.4,43960,4
16:05:00,101.35,101.39,101.29,101.29,363300,4
16:06:00,101.29,101.35,101.29,101.34,50470,4
16:07:00,101.31,101.35,101.3,101.34,119210,4
16:08:00,101.32,101.34,101.25,101.29,231150,4
16:09:00,101.25,101.3,101.14,101.22,223380,4
16:10:00,101.2,101.3,101.12,101.12,254610,4
16:11:00,101.15,101.15,101.1,101.13,86660,4
16:12:00,101.13,101.13,101.0,101.0,450420,4
16:13:00,101.0,101.0,100.8,100.87,652180,4
16:14:00,100.87,101.02,100.83,100.97,226420,4
16:15:00,100.97,101.13,100.95,101.06,399250,4
16:16:00,101.06,101.07,101.01,101.01,102210,4
16:17:00,101.02,101.03,100.9,100.9,752300,4
16:18:00,100.9,100.99,100.84,100.91,681280,4
16:19:00,100.9,100.91,100.38,100.6,3515820,4
16:20:00,100.57,100.72,100.41,100.67,610790,4
16:21:00,100.68,100.7,100.65,100.66,90660,4
16:22:00,100.66,100.66,100.51,100.55,414730,4
16:23:00,100.55,100.62,100.5,100.55,433040,4
16:24:00,100.6,100.7,100.59,100.61,254450,4
16:25:00,100.59,100.59,100.15,100.22,1049420,4
16:26:00,100.2,100.36,100.18,100.3,248130,4
16:27:00,100.3,100.36,100.3,100.34,100360,4
16:28:00,100.34,100.37,100.23,100.25,357520,4
16:29:00,100.26,100.3,100.12,100.17,649150,4
16:30:00,100.14,100.22,100.12,100.22,848380,4
16:31:00,100.22,100.44,100.17,100.35,964860,4
16:32:00,100.37,100.48,100.36,100.48,610160,4
16:33:00,100.42,100.48,100.4,100.4,219160,4
16:34:00,100.44,100.45,100.25,100.33,272130,4
16:35:00,100.32,100.35,100.2,100.22,289700,4
16:36:00,100.22,100.28,100.14,100.17,750170,4
16:37:00,100.15,100.41,100.14,100.38,303750,4
16:38:00,100.3,100.42,100.28,100.36,165930,4
16:39:00,100.36,100.37,100.2,100.22,258900,4
16:40:00,100.21,100.21,100.03,100.16,614050,4
16:41:00,100.19,100.21,100.14,100.14,250790,4
16:42:00,100.14,100.23,100.14,100.2,277710,4
16:43:00,100.2,100.2,100.15,100.15,30210,4
16:44:00,100.16,100.26,100.15,100.24,48370,4
16:45:00,100.24,100.24,100.16,100.19,46950,4
16:46:00,100.18,100.37,100.17,100.3,364700,4
16:47:00,100.32,100.36,100.26,100.36,49270,4
16:48:00,100.37,100.43,100.36,100.43,244360,4
16:49:00,100.43,100.44,100.35,100.4,56970,4
16:50:00,100.4,100.42,100.34,100.4,105040,4
16:51:00,100.41,100.45,100.3,100.32,199290,4
16:52:00,100.32,100.38,100.27,100.27,147140,4
16:53:00,100.26,100.68,100.24,100.6,1166520,4
16:54:00,100.61,100.69,100.5,100.69,343290,4
16:55:00,100.66,100.7,100.56,100.57,245050,4
16:56:00,100.57,100.57,100.51,100.53,176250,4
16:57:00,100.53,100.55,100.51,100.55,162040,4
16:58:00,100.51,100.54,100.51,100.53,21840,4
16:59:00,100.53,100.7,100.49,100.7,484940,4
17:00:00,100.7,100.77,100.53,100.63,556870,4
17:01:00,100.64,100.7,100.56,100.63,253120,4
17:02:00,100.63,100.69,100.6,100.6,42380,4
17:03:00,100.6,100.66,100.57,100.57,160890,4
17:04:00,100.58,100.62,100.57,100.6,62160,4
17:05:00,100.62,100.69,100.62,100.69,216210,4
17:06:00,100.69,100.69,100.54,100.59,74830,4
17:07:00,100.59,100.64,100.56,100.56,6750,4
17:08:00,100.57,100.61,100.56,100.6,42010,4
17:09:00,100.59,100.64,100.57,100.63,28640,4
17:10:00,100.61,100.61,100.53,100.55,112730,4
17:11:00,100.56,100.56,100.52,100.56,143110,4
17:12:00,100.55,100.61,100.54,100.61,45050,4
17:13:00,100.64,100.64,100.57,100.59,44290,4
17:14:00,100.57,100.6,100.54,100.56,30810,4
17:15:00,100.56,100.56,100.56,100.56,1010,4
17:16:00,100.56,100.59,100.56,100.59,13270,4
17:17:00,100.58,100.63,100.54,100.55,153260,4
17:18:00,100.59,100.59,100.45,100.51,1065010,4
17:19:00,100.51,100.56,100.47,100.5,1163820,4
17:20:00,100.5,100.57,100.47,100.53,310260,4
17:21:00,100.54,100.54,100.5,100.5,143110,4
17:22:00,100.52,100.57,100.48,100.53,577370,4
17:23:00,100.52,100.56,100.5,100.55,231080,4
17:24:00,100.54,100.54,100.5,100.52,451550,4
17:25:00,100.52,100.53,100.51,100.52,36750,4
17:26:00,100.53,100.6,100.3,100.57,2923610,4
17:27:00,100.57,100.58,100.52,100.55,129120,4
17:28:00,100.55,100.55,100.52,100.55,132500,4
17:29:00,100.52,100.54,100.5,100.53,511990,4
17:30:00,100.5,100.6,100.43,100.6,1006960,4
17:31:00,100.57,100.63,100.54,100.58,224500,4
17:32:00,100.56,100.57,100.5,100.57,317770,4
17:33:00,100.52,100.57,100.5,100.52,151820,4
17:34:00,100.52,100.64,100.5,100.64,483350,4
17:35:00,100.64,100.65,100.56,100.6,258840,4
17:36:00,100.6,100.66,100.6,100.66,229450,4
17:37:00,100.66,100.89,100.6,100.84,1724460,4
17:38:00,100.82,100.99,100.78,100.93,1862660,4
17:39:00,100.93,100.95,100.8,100.8,414940,4
17:40:00,100.81,100.91,100.79,100.9,368810,4
17:41:00,100.86,100.9,100.83,100.88,85260,4
17:42:00,100.87,100.94,100.85,100.92,108510,4
17:43:00,100.92,101.15,100.84,101.13,954020,4
17:44:00,101.14,101.19,101.01,101.06,318590,4
17:45:00,101.02,101.05,100.91,100.95,272890,4
17:46:00,100.96,101.29,100.92,101.16,868780,4
17:47:00,101.19,101.44,101.19,101.27,1091960,4
17:48:00,101.3,101.35,101.27,101.27,233820,4
17:49:00,101.33,101.33,101.16,101.16,218250,4
17:50:00,101.15,101.24,101.12,101.23,379970,4
17:51:00,101.21,101.22,101.02,101.05,411170,4
17:52:00,101.07,101.07,100.83,100.94,488610,4
17:53:00,100.94,101.0,100.92,100.94,78030,4
17:54:00,100.95,101.05,100.87,101.04,166770,4
17:55:00,101.0,101.04,100.94,100.99,28810,4
17:56:00,101.0,101.0,100.87,100.9,48350,4
17:57:00,100.89,100.91,100.64,100.67,327420,4
17:58:00,100.68,100.77,100.67,100.73,66270,4
17:59:00,100.73,100.89,100.71,100.82,185610,4
18:00:00,100.82,100.83,100.74,100.83,46830,4
18:01:00,100.84,100.9,100.8,100.8,195680,4
18:02:00,100.8,100.8,100.69,100.72,134210,4
18:03:00,100.7,100.73,100.67,100.68,61550,4
18:04:00,100.67,100.69,100.5,100.55,789430,4
18:05:00,100.55,100.6,100.52,100.58,75650,4
18:06:00,100.56,100.65,100.53,100.65,72910,4
18:07:00,100.65,100.68,100.57,100.59,97750,4
18:08:00,100.61,100.63,100.53,100.54,84520,4
18:09:00,100.55,100.6,100.33,100.33,1056840,4
18:10:00,100.33,100.45,100.17,100.38,814100,4
18:11:00,100.4,100.5,100.33,100.44,642400,4
18:12:00,100.44,100.44,100.25,100.33,300670,4
18:13:00,100.34,100.44,100.21,100.39,675410,4
18:14:00,100.38,100.4,100.3,100.39,65690,4
18:15:00,100.38,100.45,100.15,100.43,453170,4
18:16:00,100.44,100.48,100.37,100.48,42550,4
18:17:00,100.47,100.49,100.31,100.36,121370,4
18:18:00,100.35,100.39,100.31,100.38,64570,4
18:19:00,100.38,100.43,100.31,100.41,28910,4
18:20:00,100.4,100.41,100.25,100.35,183350,4
18:21:00,100.34,100.37,100.22,100.27,149570,4
18:22:00,100.29,100.3,100.18,100.21,493030,4
18:23:00,100.19,100.23,99.87,99.94,2309410,4
18:24:00,99.94,100.05,99.94,100.04,593920,4
18:25:00,100.04,100.11,100.01,100.05,238090,4
18:26:00,100.09,100.12,100.04,100.1,260910,4
18:27:00,100.05,100.08,99.95,100.06,708520,4
18:28:00,100.06,100.09,100.05,100.09,101690,4
18:29:00,100.07,100.07,100.01,100.04,406780,4
18:30:00,100.04,100.1,100.0,100.09,276180,4
18:31:00,100.08,100.11,100.06,100.1,82230,4
18:32:00,100.09,100.15,100.09,100.14,138750,4
18:33:00,100.14,100.14,100.07,100.1,75540,4
18:34:00,100.09,100.14,100.09,100.12,57040,4
18:35:00,100.13,100.36,100.12,100.3,1140820,4
18:36:00,100.26,100.38,100.26,100.35,269840,4
18:37:00,100.38,100.44,100.26,100.34,399740,4
18:38:00,100.3,100.39,100.29,100.29,393760,4
